2.009000000118E12,"P",1,1000,-9,23,1085467,8,68,1,,,4,2,2,2,2,2,,,2,,,2,,,1,2,1,2,2,2,2,3000,,,,2,2,2,2,1,2,1959,-9,1,4,,,,,,,,,,2,5,2,2,3,0,0,0,21500,1,,19,0,2,0,2400,0,,2,,,,,2,50,-9,931,-9,,2,,,6,,,1,1,8370,,,,,,,,,3,"6241",1,,0,2010,,,4,0,26900,23,-9,260,,,,,1,1,3,1,1,-9,69,-9,0,0,0,0,1,0,1,0,,,,,"211020","","",,1,0,0,0,0,0,0,0,0,0,0,0,0,0,0,0,0,0,0,0,0,0,0,0,0,,0,,0,0,0,0,0,0,0,0,0,0,0,0,0,0,0,0,0,0,0,0,0,0,0,0,0,0,0,0,0,0,0,0,0,0,0,0,0,0,0,0,0,,0,7,8,13,2,12,7,3,2,2,7,14,2,8,7,8,9,12,13,9,8,10,7,13,3,15,7,2,2,3,8,16,2,7,9,8,8,15,12,7,7,10,8,12,3,12,6,2,3,3,9,14,2,7,7,7,8,12,13,9,9,6,9,14,3,16,8,3,3,2,9,12,2,7,8,9,7,12,15,9,8
2.009000000214E12,"P",1,900,-9,23,1085467,7,51,1,,,1,2,2,2,2,2,,,2,,,2,,,1,2,2,2,2,2,2,0,4,1,1,2,1,2,2,1,2,1985,-9,1,4,,,,,,,,,,3,5,3,3,3,0,0,0,0,1,,21,0,2,0,0,46000,45,1,1,1,,,2,89,-9,50,-9,,2,1,,1,5200,5501,1,1,6990,88,49,,,,,,,1,"524",1,,0,860,,,2,46000,46000,23,-9,445,900,-9,23,-9,1,2,1,1,1,-9,69,-9,0,0,0,0,1,0,1,0,1,2,,,"132053","","",,1,0,0,0,0,0,0,0,0,0,0,0,0,0,0,0,0,0,0,0,0,0,0,,0,,0,,0,0,0,0,0,0,0,0,0,0,0,0,0,0,0,0,0,0,0,0,0,0,0,0,0,0,0,0,0,0,0,0,0,0,0,0,0,0,0,0,0,,0,15,12,10,1,7,6,10,1,6,7,2,7,8,2,6,7,7,2,10,5,2,1,2,11,6,7,1,9,8,6,10,6,6,10,6,9,6,9,2,5,10,11,10,2,6,10,10,3,5,8,1,7,6,1,5,6,7,2,10,6,3,2,3,10,6,7,2,10,7,5,12,9,6,11,5,6,8,12,2,5
2.009000000227E12,"P",1,1000,-9,23,1085467,8,57,1,,,1,2,2,2,2,2,,,2,,,2,,,1,2,2,2,2,2,2,0,15,1,1,2,1,2,2,1,2,1970,-9,1,4,,,,,,,,,,3,5,3,3,3,0,0,0,0,1,,16,0,1,0,0,34000,43,1,1,1,,,1,89,-9,999,-9,,2,1,,1,,,1,1,7790,73,31,,,,,,,1,"562",1,,0,9130,,,,34000,34000,23,-9,341,1000,-9,23,-9,1,2,4,1,1,-9,69,-9,0,0,0,0,1,0,1,0,,,,,"533030","","",,1,0,0,0,0,0,0,0,0,0,0,0,0,0,0,0,0,0,0,0,0,0,0,,0,,0,,0,0,0,0,0,0,0,0,0,0,0,0,0,0,0,0,0,0,0,0,0,0,0,0,0,0,0,0,0,0,0,0,0,0,0,0,0,0,0,0,0,,0,3,13,6,14,12,8,12,2,8,8,7,3,12,15,8,2,3,9,8,8,2,14,9,14,14,8,15,3,6,9,7,2,9,14,9,2,2,8,9,10,14,3,9,2,3,8,3,12,7,8,7,13,8,2,10,17,15,8,8,8,15,3,8,3,2,6,3,17,7,9,7,14,7,3,9,14,13,10,9,9
2.009000000425E12,"P",1,900,-9,23,1085467,32,22,1,,,4,2,2,2,2,2,,,2,,2,,,,2,1,2,2,2,2,2,0,,,,2,5,,,,,,,3,4,,,,,,,,,,1,5,2,3,3,0,0,0,0,2,15,19,0,2,0,0,9000,20,1,3,2,,,1,94,-9,999,-9,,2,,,2,,,1,1,7870,,,,,300,-9,23,-9,6,"611M1",1,,0,1810,,,4,9000,9000,23,-9,80,,,,,1,2,2,1,1,-9,69,-9,0,0,0,0,1,0,1,0,,,,,"193020","","",,1,0,0,0,0,0,0,0,0,0,0,0,0,0,0,0,0,0,0,0,0,0,0,,0,,0,,0,0,0,0,0,0,0,0,0,0,0,0,0,0,0,0,0,0,0,0,0,0,0,0,0,0,0,0,0,0,0,0,0,0,0,0,0,0,0,0,0,,0,28,33,49,11,50,43,12,12,12,39,43,12,31,30,33,35,60,60,35,34,32,31,10,41,11,40,56,53,43,28,11,54,28,30,38,28,11,12,32,38,43,28,10,51,9,31,53,65,51,27,11,47,36,32,35,38,11,13,34,33,43,29,56,12,42,31,9,11,12,26,52,10,27,32,34,41,56,43,32,35
2.009000001035E12,"P",1,500,-9,23,1085467,23,57,1,,,6,2,2,2,2,2,,,2,,,2,,,1,2,2,2,2,2,2,0,20,1,1,2,5,,,,,,,1,4,,,,,,,,,,3,5,3,3,3,0,0,0,0,1,,21,17000,2,0,0,0,30,1,1,1,,,1,24,-9,999,-9,,2,1,,1,6109,,1,1,770,95,52,,,,,,,6,"23",1,,0,6420,,,4,17000,17000,27,-9,151,500,-9,23,-9,1,2,1,1,1,-9,69,-9,0,0,0,0,1,0,1,0,2,1,,,"472141","","",,1,0,0,0,0,0,0,0,0,0,0,0,0,0,0,0,0,0,0,0,0,0,0,,0,,0,,0,0,0,0,0,0,0,0,0,0,0,0,0,0,0,0,0,0,0,0,0,0,0,0,0,0,0,0,0,0,0,0,0,0,0,0,0,0,0,0,0,,0,19,43,21,25,23,40,25,36,6,22,7,23,21,27,6,8,36,22,8,30,42,22,36,30,8,20,7,22,22,9,28,6,36,41,26,26,28,7,23,48,22,39,24,21,21,32,25,36,7,24,7,23,22,21,7,7,42,23,7,24,40,25,36,40,9,24,6,22,19,6,22,8,42,47,23,25,24,8,26,45
2.009000001051E12,"P",1,900,-9,23,1085467,23,43,1,,,4,2,2,2,2,2,,,2,,2,2,,,1,2,2,2,2,2,2,200,10,1,1,2,5,,,,,,,1,4,,,,,,,,,,3,5,3,3,3,0,0,0,0,1,,22,0,2,0,0,56000,35,1,5,1,,,2,51,-9,32,-9,,2,1,,1,2300,,1,1,7860,96,55,,,,,,,6,"6111",1,,0,2310,,,4,56000,56200,23,-9,501,900,-9,23,-9,1,2,2,1,1,-9,69,-9,0,0,0,0,1,0,1,0,2,2,,,"252020","","",,1,0,0,0,0,0,0,0,0,0,0,0,0,0,0,0,0,0,0,0,0,0,0,,0,,0,,0,0,0,0,0,0,0,0,0,0,0,0,0,0,0,0,0,0,0,0,0,0,0,0,0,0,0,0,0,0,0,0,0,0,0,0,0,0,0,0,0,,0,28,37,26,21,37,34,38,8,6,23,25,22,37,23,7,23,7,7,36,24,23,43,22,23,39,22,42,7,6,21,22,23,35,22,8,26,8,8,47,25,23,40,23,24,40,21,41,8,7,27,21,22,39,20,6,24,6,6,45,24,26,40,25,27,42,29,37,8,6,24,21,22,35,22,7,23,5,9,38,21
2.009000001084E12,"P",1,1000,-9,23,1085467,5,27,1,,,1,2,2,2,2,2,,,2,,1,,,,2,2,2,1,2,2,2,0,,,,2,1,2,2,1,2,2006,-9,1,4,,,,,,,,,,2,5,2,2,3,0,0,0,0,1,,19,0,2,0,0,0,,2,,2,,,2,26,-9,50,-9,,2,,,6,,,1,1,6170,,,,,,,,,1,"484",1,,0,5110,,,3,0,0,23,-9,164,,,,,2,1,4,1,1,-9,69,-9,0,0,0,0,1,0,1,0,,,,,"433021","","",,1,1,0,0,0,0,0,0,0,0,0,0,0,0,0,1,0,0,0,0,0,0,0,,0,0,0,,0,0,0,0,0,0,0,0,0,0,0,0,0,0,0,0,0,0,0,0,0,0,0,0,0,0,0,0,0,0,0,0,0,0,0,0,0,0,0,0,0,,0,2,4,9,1,2,10,4,6,9,6,7,6,6,5,1,4,2,5,5,2,9,6,2,8,8,2,5,4,1,5,1,4,6,4,7,6,8,6,6,1,7,6,1,9,9,1,5,5,1,5,1,6,6,5,9,5,8,5,5,9,2,5,8,2,1,8,5,4,9,5,10,4,6,4,2,6,2,5,5,7
2.009000001296E12,"P",1,200,-9,23,1085467,23,22,5,,,,2,2,2,2,2,,,2,3,,,,,2,2,2,2,2,2,2,0,,,,1,5,,,,,,,2,4,,,,,,,,,,2,5,2,2,3,0,0,17,0,1,,19,0,1,0,0,0,,3,,2,2008,-9,1,599,-9,999,-9,7,2,,,6,,,2,1,,,,620,-9,1,-9,463,-9,6,,2,,0,,,,,0,0,462,-9,0,,,,,2,2,1,2,2,-9,44,-9,0,0,1,0,1,0,0,0,,,,,,,,,6,0,0,0,0,0,0,0,0,0,0,0,0,0,0,0,0,0,0,0,0,0,0,,0,,0,,0,0,0,0,0,0,0,0,0,0,0,0,0,0,0,0,0,0,0,0,0,0,0,0,0,0,0,0,0,0,0,0,0,0,0,0,0,0,0,0,0,,0,8,24,21,22,22,23,42,36,43,25,8,21,39,22,24,42,25,7,7,41,35,23,24,21,19,24,7,8,7,24,39,21,9,25,23,8,23,44,41,40,38,26,22,22,20,23,7,9,6,25,38,20,8,24,23,7,21,40,41,9,7,21,21,22,22,23,43,39,40,24,9,21,41,22,22,43,23,9,8,8
2.009000001391E12,"P",1,500,-9,23,1085467,7,69,1,,,,2,2,2,2,2,,,2,,,2,,,1,2,1,2,2,2,2,0,,,,2,1,2,2,1,2,1958,-9,1,4,,,,,,,,,,3,5,3,2,3,0,0,0,0,1,,18,0,1,0,20400,0,,3,,2,,,1,51,-9,999,-9,,2,,,6,,,1,1,,,,,,,,,,1,,1,,0,,,,,0,20400,42,-9,246,,,,,1,1,1,1,1,-9,69,-9,0,0,0,0,1,0,1,0,,,,,,,,,1,0,0,0,0,0,0,0,0,0,0,0,0,0,0,0,0,0,0,0,0,0,0,0,0,,0,,0,0,0,0,0,0,0,0,0,0,0,0,0,0,0,0,0,0,0,0,0,1,0,0,0,0,0,0,0,0,0,0,0,0,0,0,1,0,0,0,0,,0,15,8,8,9,7,8,3,8,12,2,7,3,9,14,6,11,3,7,14,2,15,9,7,6,7,7,2,9,15,2,8,2,9,13,7,12,1,10,13,2,16,8,6,7,7,8,2,7,13,2,9,2,10,11,6,12,2,8,14,2,14,8,7,7,6,9,3,8,13,1,8,2,6,12,6,15,3,8,15,2
2.009000001426E12,"P",1,700,-9,23,1085467,17,47,1,,,1,2,2,2,2,2,,,2,,,2,,,1,2,2,2,2,2,2,950,40,1,1,2,1,2,2,1,2,1981,-9,1,4,,,,,,,,,,3,5,3,3,3,0,0,0,0,1,,16,0,1,0,0,107000,60,1,1,1,,,1,931,-9,999,-9,,2,1,,1,,,1,1,770,78,31,,,,,,,1,"23",1,,0,20,,,,107000,107950,23,-9,501,200,-9,23,-9,1,2,3,1,1,-9,69,-9,0,0,0,0,1,0,1,0,,,,,"111021","","",,1,0,0,0,0,0,0,0,0,0,0,0,0,0,0,0,0,0,0,0,0,0,0,,0,,0,,0,0,0,0,0,0,0,0,0,0,0,0,0,0,0,0,0,0,0,0,0,0,0,0,0,0,0,0,0,0,0,0,0,0,0,0,0,0,0,0,0,,0,16,15,19,5,13,30,21,6,7,19,18,5,32,21,33,28,20,31,5,20,18,19,17,36,20,5,18,29,35,17,15,23,4,18,4,5,17,6,34,15,14,15,17,35,16,5,17,29,30,21,19,29,6,19,5,4,16,7,28,18,17,19,19,5,20,27,17,6,5,17,17,7,29,16,32,26,22,26,5,14
2.009000001449E12,"P",1,900,-9,23,1085467,29,43,1,,,1,2,2,2,1,2,,,1,,2,2,,,2,2,1,1,2,2,2,0,,,,2,2,2,2,1,2,1996,-9,3,4,,,,,,,,,,2,5,2,2,3,0,0,0,0,1,,16,0,2,7800,0,640,10,1,6,2,,,1,924,-9,999,-9,,1,,,6,,,1,1,8660,,,,,900,-9,23,-9,3,"7211",1,,0,4230,,,4,640,8440,23,-9,75,,,,,2,1,1,1,1,-9,69,-9,0,0,0,0,1,0,1,0,,,,,"372012","","",,1,0,0,0,0,0,0,0,0,0,0,0,0,0,0,0,0,0,0,0,0,0,0,0,0,0,0,,0,0,0,0,0,0,0,0,0,0,0,0,0,0,0,0,1,0,0,0,0,0,0,0,0,0,0,0,0,0,0,0,0,0,0,1,0,1,0,0,0,,0,9,29,34,31,26,10,26,30,42,43,9,9,43,27,9,46,49,29,24,33,53,28,29,27,26,47,33,29,9,8,42,45,7,27,48,7,9,28,30,32,52,29,26,30,31,40,25,33,9,9,45,50,9,33,48,10,9,24,25,26,8,31,32,31,29,9,29,30,41,48,9,9,49,25,8,45,42,34,26,27
2.009000002004E12,"P",1,800,-9,23,1085467,9,48,1,,,7,2,2,2,2,2,,,2,,2,2,,,2,1,2,2,2,2,2,0,,,11,2,1,2,2,1,2,1978,-9,1,4,,,,,,,,,,3,5,3,3,3,0,0,0,0,1,,16,0,2,0,0,30000,60,1,1,1,,,2,22,-9,88,-9,,2,,,1,,,1,1,8670,,,,,,,,,1,"721M",1,,0,5000,,,4,30000,30000,23,-9,416,800,-9,23,-9,1,2,1,1,1,-9,69,-9,0,0,0,0,1,0,1,0,,,,,"431011","","",,1,0,0,0,0,0,0,0,0,0,0,0,0,0,0,0,0,0,0,0,0,0,0,,0,,0,,0,0,0,0,0,0,0,0,0,0,0,0,0,0,0,0,0,0,0,0,0,0,0,0,0,0,0,0,0,0,0,0,0,0,0,0,0,0,0,0,0,,0,3,9,3,10,14,10,17,3,10,17,17,9,9,10,10,9,2,9,15,3,3,10,3,10,15,11,16,4,10,18,19,7,10,9,10,8,2,9,15,3,3,10,3,10,12,9,15,3,9,16,15,9,11,9,9,10,4,12,13,3,4,10,2,10,16,9,16,3,9,18,22,10,11,11,12,9,3,9,14,2
2.009000002265E12,"P",1,200,-9,23,1085467,15,45,3,,,7,2,2,2,2,2,,,2,,,2,,,1,2,2,2,2,2,2,1800,3,,10,2,1,2,2,1,2,1990,-9,1,4,,,,,,,,,,3,5,3,3,3,0,0,0,0,1,,22,4500,1,0,0,52000,44,1,1,1,1964,-9,1,190,-9,999,-9,3,2,,,1,5599,,1,1,7390,105,66,,,,,,,1,"5416",1,,0,710,,,,56500,58300,233,-9,330,1300,-9,26,-9,1,2,2,1,1,-9,69,-9,0,0,0,0,1,0,1,0,1,2,,,"131111","","",,4,0,0,0,0,0,0,0,0,0,0,0,0,0,0,0,0,0,0,0,0,0,0,,0,,0,,0,0,0,0,0,0,0,0,0,0,0,0,0,0,0,0,0,0,0,0,0,0,0,0,0,0,0,0,0,0,0,0,0,0,0,0,0,0,0,0,0,,0,4,4,25,18,16,5,26,16,16,21,13,15,20,14,16,16,29,4,4,16,28,21,4,15,13,23,4,16,16,5,13,15,4,17,17,15,4,23,22,17,24,21,4,17,14,26,5,16,14,4,14,19,4,17,16,14,5,25,25,12,4,4,27,15,13,4,21,15,14,26,18,15,24,15,17,14,20,5,4,14
2.009000002739E12,"P",1,200,-9,23,1085467,18,68,1,,,,2,2,2,2,2,2,1,2,,,2,,,2,1,1,2,2,1,2,0,,,,2,1,2,2,1,2,1965,-9,1,2,0,0,0,0,1,0,0,0,0,2,5,2,2,3,1200,0,0,0,1,,18,0,1,0,26000,0,,3,,2,,,2,50,-9,26,-9,,2,,,6,,,1,1,,,,,,,,,,1,,1,,0,,,,,0,27200,33,-9,472,,,,,1,1,4,1,1,-9,69,-9,0,0,0,0,1,0,1,0,,,,,,,,13,1,0,0,0,0,0,0,0,0,0,0,0,0,0,0,0,0,0,0,0,0,1,0,0,0,,1,,1,1,1,0,0,0,0,0,0,0,0,0,0,0,0,0,0,0,0,0,0,0,0,0,0,0,0,0,0,0,0,0,0,0,0,0,1,0,0,0,0,,0,16,35,31,22,20,32,21,18,35,38,36,35,17,28,16,26,21,18,17,4,16,5,6,17,16,5,17,20,6,5,5,5,18,5,16,5,16,17,18,4,17,5,5,18,19,6,21,18,5,5,5,5,19,5,17,5,17,19,20,31,18,27,29,17,18,32,20,19,32,32,34,29,17,33,18,28,17,16,17,40
2.009000003028E12,"P",1,800,-9,23,1085467,13,46,1,,,,2,2,2,2,1,,,2,,,2,,,2,2,2,2,2,2,2,0,,,,2,3,2,2,1,2,1984,-9,1,4,,,,,,,,,,2,5,2,2,3,0,0,0,6000,1,,16,0,1,0,11900,0,,3,,2,,,2,89,-9,24,-9,,1,,,6,,,2,1,,,,,,,,,,4,,1,,0,,,,,0,17900,23,-9,163,,,,,2,2,1,1,1,-9,69,-9,0,0,0,0,1,0,1,0,,,,,,,,,1,0,0,0,0,0,0,0,0,0,0,0,0,0,0,0,0,0,0,0,0,0,0,,0,,0,,0,0,0,0,0,0,0,0,0,0,0,0,0,0,0,0,0,0,0,0,0,0,0,0,0,0,0,0,0,0,0,0,0,0,0,0,0,0,0,0,0,,0,13,4,10,21,11,4,4,15,10,4,19,12,20,23,12,25,3,11,14,11,12,21,12,4,12,19,17,13,12,19,4,11,4,5,14,4,21,10,12,11,14,25,15,3,14,21,20,10,12,21,4,9,4,4,11,4,22,13,13,11,14,3,12,21,11,4,4,13,15,3,16,14,20,20,13,16,4,11,14,12
2.009000003199E12,"P",1,900,-9,23,1085467,20,66,1,,,2,2,2,2,2,2,,,2,,,2,,,1,2,1,2,2,2,2,0,2,1,1,2,3,2,2,3,2,1988,-9,1,4,,,,,,,,,,3,5,3,3,3,0,0,0,0,1,,24,0,1,0,0,310000,60,1,1,1,,,1,22,-9,999,-9,,2,1,,1,3609,,1,1,8090,88,49,,,,,,,4,"6214",1,,0,3060,,,,310000,310000,48,-9,501,900,-9,23,-9,1,1,4,1,1,-9,69,-9,0,0,0,0,1,0,1,0,1,2,,,"291060","","",,1,0,0,0,0,0,0,0,0,0,0,0,0,0,0,0,0,0,0,0,0,0,0,0,0,,0,,0,0,0,0,0,0,0,0,0,0,0,0,0,0,0,0,0,0,0,0,0,0,0,0,0,0,0,0,0,0,0,0,0,0,0,0,0,0,0,0,0,,0,21,22,18,6,30,21,23,5,21,6,6,36,36,24,19,21,22,6,37,5,21,20,21,38,6,17,22,31,21,37,40,5,6,22,20,25,20,31,6,6,19,20,22,38,6,21,20,35,20,38,29,5,7,21,20,17,18,32,5,35,20,21,20,6,42,21,25,6,17,6,6,36,32,19,21,26,21,7,32,31
2.009000003279E12,"P",1,100,-9,23,1085467,20,66,1,,,,2,2,2,2,1,,2,2,,,2,,,2,2,1,2,2,2,2,0,,,,2,3,2,2,1,2,1967,-9,1,2,0,0,0,1,0,0,0,0,0,2,5,2,2,3,0,0,0,0,1,,17,0,1,0,18300,0,,3,,2,,,1,924,-9,999,-9,,1,,,6,,,1,1,,,,,,,,,,4,,1,,0,,,,,0,18300,23,-9,178,,,,,2,1,2,1,1,-9,69,-9,0,0,0,0,1,0,1,0,,,,,,,,6,1,0,0,0,0,0,0,0,0,0,0,0,0,0,0,0,0,0,0,0,0,0,0,0,0,,0,,0,0,0,0,0,0,0,0,0,0,0,0,0,0,0,0,0,0,0,0,0,0,0,0,0,0,0,0,0,0,0,0,0,0,0,0,0,0,0,0,0,,0,6,21,21,20,19,19,35,35,33,21,6,22,31,19,22,35,19,5,5,7,5,20,18,16,23,20,32,28,34,19,5,18,34,18,17,39,17,5,7,5,5,19,20,20,18,19,31,37,31,19,6,22,30,22,20,30,20,5,5,6,6,20,22,18,20,21,32,43,32,18,6,18,32,20,21,31,19,5,6,7
2.009000003659E12,"P",1,800,-9,23,1085467,11,84,1,,,,2,1,2,1,1,,,2,,,2,,,1,1,1,2,2,2,2,0,,,,2,1,2,2,1,2,1957,-9,1,4,,,,,,,,,,2,5,2,2,3,0,0,0,0,1,,16,0,2,0,4200,0,,3,,2,,,1,50,-9,999,-9,,1,,,6,,,1,1,,,,,,,,,,1,,1,,0,,,,4,0,4200,25,-9,179,,,,,1,1,2,1,1,-9,69,-9,0,0,0,0,1,0,1,0,,,,,,,,,1,0,0,0,0,0,0,0,0,0,0,0,0,0,0,0,0,0,0,0,0,0,0,0,0,,0,,0,0,0,0,0,0,0,0,0,0,0,0,0,0,0,0,0,0,0,0,0,0,0,0,0,0,0,0,0,0,0,0,0,0,0,0,1,0,0,0,0,,0,10,12,22,3,18,21,11,10,4,3,20,11,13,10,15,13,11,15,4,3,10,11,23,3,21,15,12,12,3,4,20,11,12,13,24,10,12,9,4,3,11,13,18,3,17,18,12,11,4,4,16,12,11,11,18,16,12,11,3,3,10,15,20,3,18,13,11,11,4,4,16,10,11,13,27,14,11,10,2,4
2.009000004367E12,"P",1,1000,-9,23,1085467,20,53,1,,,4,2,2,2,2,2,,,2,,,2,,,1,2,2,2,2,2,2,0,5,1,1,2,1,2,2,1,2,1978,-9,1,4,,,,,,,,,,3,5,3,3,3,0,0,0,0,1,,16,0,1,0,0,48000,40,1,1,1,,,1,924,-9,999,-9,,2,1,,1,,,1,1,770,65,25,,,,,,,1,"23",1,,0,6200,,,,48000,48000,23,-9,289,1000,-9,23,-9,1,2,4,1,1,-9,69,-9,0,0,0,0,1,0,1,0,,,,,"471011","","",,1,0,0,0,0,0,0,0,0,0,0,0,0,0,0,0,0,0,0,0,0,0,0,,0,,0,,0,0,0,0,0,0,0,0,0,0,0,0,0,0,0,0,0,0,0,0,0,0,0,0,0,0,0,0,0,0,0,0,0,0,0,0,0,0,0,0,0,,0,6,19,21,19,29,6,19,19,36,20,28,28,6,6,23,25,19,22,39,7,6,21,21,19,30,6,24,25,34,21,38,33,6,6,25,24,22,21,34,33,36,19,22,20,6,32,19,23,6,23,6,6,37,35,20,20,20,19,7,33,38,21,25,24,6,38,17,17,8,20,6,8,34,33,21,18,22,22,5,8
2.009000004371E12,"P",1,800,-9,23,1085467,23,94,1,,,,1,1,1,1,2,,,1,1,,2,,,2,1,1,2,2,2,2,30200,,,,1,2,2,2,1,2,1937,-9,1,4,,,,,,,,,,2,5,2,2,3,0,0,0,5400,1,,16,0,2,0,14600,0,,3,,2,,,1,935,-9,999,-9,,1,,,6,,,1,1,,,,620,-9,,,,,3,,1,,0,,,,4,0,50200,23,-9,438,,,,,1,1,2,1,1,-9,69,-9,0,0,0,0,1,0,1,0,,,,,,,,,1,0,0,0,0,0,0,0,0,0,0,0,0,0,0,0,0,0,0,0,0,0,0,0,0,,0,,0,0,0,0,0,0,0,0,0,0,0,0,0,0,0,0,0,0,0,0,0,0,0,0,0,0,0,0,0,0,0,0,0,0,0,0,0,0,0,0,0,,0,6,48,38,7,8,28,8,18,22,35,26,35,20,31,21,23,6,26,25,48,28,18,21,24,27,39,21,6,35,21,54,23,7,20,8,37,22,7,9,6,31,25,21,25,24,9,24,35,6,22,8,30,34,18,35,8,31,35,41,24,40,9,6,40,40,24,35,16,23,7,26,7,19,6,31,28,40,23,18,33
2.009000004401E12,"P",1,500,-9,23,1085467,5,66,1,,,,2,1,2,1,1,,,1,,,2,,,1,2,1,2,2,2,2,20,,,,2,2,2,2,2,2,1980,-9,1,4,,,,,,,,,,2,5,2,2,3,0,0,0,6300,1,,18,0,2,0,3500,0,,3,,2,,,2,22,-9,87,-9,,1,,,6,,,1,1,,,,,,,,,,3,,1,,0,,,,4,0,9820,23,-9,168,,,,,1,1,4,9,67,-9,65,-9,1,0,0,0,2,0,1,0,,,,,,,,,1,0,0,0,0,0,0,0,0,0,0,0,0,0,0,0,0,0,0,0,0,0,0,0,0,,0,,0,0,0,0,0,0,0,0,0,0,0,0,0,0,0,0,0,0,0,0,0,0,0,0,0,0,0,0,0,0,0,0,0,0,0,0,0,0,0,0,0,,0,1,7,6,2,3,2,9,10,4,7,7,2,4,7,5,5,7,3,4,2,2,7,8,2,7,2,10,8,6,7,9,2,7,5,4,4,7,2,2,12,3,7,7,1,6,3,5,7,6,3,6,2,3,7,6,14,9,2,5,6,2,3,5,3,7,3,7,7,5,3,2,3,8,7,8,5,8,2,6,4
2.009000004582E12,"P",1,400,-9,23,1085467,93,32,1,,,3,2,2,2,2,2,,,2,,2,2,,,1,2,2,2,2,2,2,200,15,1,1,2,5,,,,,,,1,4,,,,,,,,,,3,5,3,3,3,0,0,0,0,1,,21,0,2,0,0,34000,40,1,1,1,,,1,22,-9,999,-9,,2,1,,1,2311,,1,1,7860,82,40,,,,,,,6,"6111",1,,0,2310,,,4,34000,34200,23,-9,305,400,-9,23,-9,1,2,4,1,1,-9,69,-9,0,0,0,0,1,0,1,0,2,1,,,"252020","","",,1,0,0,0,0,0,0,0,0,0,0,0,0,0,0,0,0,0,0,0,0,0,0,,0,,0,,0,0,0,0,0,0,0,0,0,0,0,0,0,0,0,0,0,0,0,0,0,0,0,0,0,0,0,0,0,0,0,0,0,0,0,0,0,0,0,0,0,,0,112,96,91,95,119,114,35,86,165,115,113,107,113,38,98,38,48,108,35,88,27,92,119,74,27,96,138,78,33,36,87,108,44,164,106,127,95,93,141,108,31,98,107,78,35,111,137,100,25,41,73,90,34,127,74,179,121,92,183,91,114,87,91,99,169,83,44,128,99,121,72,86,124,25,98,33,44,133,53,90
2.009000005399E12,"P",1,800,-9,23,1085467,7,59,1,,,6,2,2,2,2,2,,,2,,,2,,,1,2,2,2,2,2,2,0,30,1,1,2,1,2,2,1,2,1979,-9,1,4,,,,,,,,,,2,5,2,2,2,0,0,0,0,1,,20,30000,1,0,0,0,58,1,1,1,,,1,11,-9,999,-9,,2,1,,1,,,1,1,3895,100,55,,,,,,,1,"337",1,,0,8500,,,,30000,30000,25,-9,501,800,-9,23,-9,1,2,2,1,1,-9,69,-9,0,0,0,0,1,0,1,0,,,,,"517011","","",,1,0,0,0,0,0,0,0,0,0,0,0,0,0,0,0,0,0,0,0,0,0,0,,0,,0,,0,0,0,0,0,0,0,0,0,0,0,0,0,0,0,0,0,0,0,0,0,0,0,0,0,0,0,0,0,0,0,0,0,0,0,0,0,0,0,0,0,,0,11,12,2,7,2,6,7,2,5,3,13,12,7,6,7,2,7,10,6,5,2,2,12,7,13,7,6,11,5,12,2,2,7,8,6,12,8,1,7,9,9,10,2,8,2,5,7,2,7,2,13,14,7,6,7,2,6,12,6,8,1,2,8,8,12,6,7,13,7,8,2,2,7,6,6,12,5,2,6,6
2.009000005619E12,"P",1,800,-9,23,1085467,6,44,1,,,1,2,2,2,2,2,,,2,,,2,,,1,2,2,2,2,2,2,0,20,1,1,2,1,2,2,1,2,1984,-9,1,4,,,,,,,,,,3,5,3,3,3,0,0,0,0,1,,19,13000,1,0,0,28000,40,1,4,1,,,2,935,-9,920,-9,,2,1,,1,,,1,1,270,83,40,,,,,,,1,"1133",1,,0,6130,,,,41000,41000,23,-9,405,600,-9,23,-9,1,2,1,1,1,-9,69,-9,0,0,0,0,1,0,1,0,,,,,"454020","","",,1,0,0,0,0,0,0,0,0,0,0,0,0,0,0,0,0,0,0,0,0,0,0,,0,,0,,0,0,0,0,0,0,0,0,0,0,0,0,0,0,0,0,0,0,0,0,0,0,0,0,0,0,0,0,0,0,0,0,0,0,0,0,0,0,0,0,0,,0,7,8,10,2,13,13,7,7,2,2,11,7,6,7,12,6,6,6,2,11,8,7,2,12,1,2,7,8,12,12,2,7,7,7,1,6,6,5,10,11,6,7,2,11,2,2,5,6,11,11,2,6,6,7,1,7,8,7,12,2,7,6,10,1,13,11,7,6,2,3,14,7,8,7,12,6,6,6,3,2
2.009000006321E12,"P",1,100,-9,23,1085467,26,48,1,,,1,2,2,2,2,2,,,2,,,2,,,1,2,2,2,2,2,2,0,50,1,1,2,1,2,2,2,2,2004,-9,1,4,,,,,,,,,,3,5,3,3,3,0,0,0,0,1,,16,0,1,0,0,41000,40,1,1,1,,,1,939,-9,999,-9,,2,1,,1,,,1,1,6170,68,19,,,,,,,1,"484",1,,0,9600,,,,41000,41000,33,-9,501,200,-9,23,-9,1,2,4,1,1,-9,69,-9,0,0,0,0,1,0,1,0,,,,,"537051","","",,1,0,0,0,0,0,0,0,0,0,0,0,0,0,0,0,0,0,0,0,0,0,0,,0,,0,,0,0,0,0,0,0,0,0,0,0,0,0,0,0,0,0,0,0,0,0,0,0,0,0,0,0,0,0,0,0,0,0,0,0,0,0,0,0,0,0,0,,0,26,7,24,26,42,8,52,44,29,28,8,7,44,28,26,29,48,25,27,9,26,6,27,29,42,7,41,44,25,24,7,7,44,27,24,24,49,24,24,43,26,47,26,30,8,45,8,8,26,21,42,46,8,30,26,26,7,26,25,40,26,44,30,26,8,38,8,7,23,25,40,46,6,24,26,26,8,29,30,7
2.009000007215E12,"P",1,500,-9,23,1085467,9,67,1,,,,2,2,2,2,2,,,2,,,2,,,1,2,1,2,2,2,2,2000,,,,2,1,2,2,1,2,1966,-9,1,4,,,,,,,,,,2,5,2,2,3,16000,0,0,5000,1,,22,0,1,0,18000,0,,3,,2,,,1,32,-9,999,-9,,2,,,6,6002,,1,1,,,,,,,,,,1,,1,,0,,,,,0,41000,34,-9,501,,,,,1,1,3,1,1,-9,69,-9,0,0,0,0,1,0,1,0,2,2,,,,,,,1,0,0,0,0,0,0,0,0,0,0,0,0,0,0,0,0,0,0,0,0,0,0,0,0,,0,,0,0,0,0,0,0,0,0,0,0,0,0,0,0,0,0,0,0,0,0,0,0,0,0,0,0,0,0,0,0,0,0,0,0,0,0,0,0,0,0,0,,0,8,2,9,3,17,14,9,10,8,3,10,13,9,14,14,2,8,2,8,9,9,3,8,3,13,11,9,8,8,2,7,13,8,15,12,2,8,3,10,8,8,14,8,13,3,3,7,8,8,14,9,2,8,2,2,14,8,15,9,9,9,14,7,16,3,3,8,9,9,12,8,3,8,3,3,12,9,14,9,8
2.009000007571E12,"P",1,500,-9,23,1085467,24,60,1,,,1,2,2,2,2,2,,,2,,,2,,,1,2,2,2,2,2,2,0,1,1,1,2,3,2,2,2,2,1972,-9,1,4,,,,,,,,,,3,5,3,3,3,0,0,0,0,1,,19,0,1,0,0,92000,50,1,1,1,,,2,22,-9,32,-9,,2,1,,1,,,1,1,770,130,85,,,,,,,4,"23",1,,0,10,,,,92000,92000,23,-9,501,500,-9,23,-9,1,2,1,1,1,-9,69,-9,0,0,0,0,1,0,1,0,,,,,"1110XX","","",,1,0,0,0,0,0,0,0,0,0,0,0,0,0,0,0,0,0,0,0,0,0,0,,0,,0,,0,0,0,0,0,0,0,0,0,0,0,0,0,0,0,0,0,0,0,0,0,0,0,0,0,0,0,0,0,0,0,0,0,0,0,0,0,0,0,0,0,,0,9,10,7,7,42,20,23,6,36,27,26,39,29,19,41,29,20,24,40,24,5,7,7,8,41,19,21,11,49,27,30,39,22,23,53,27,21,27,39,20,9,7,11,7,37,27,21,8,50,22,18,45,19,21,45,21,26,24,51,30,7,7,6,9,33,24,22,5,34,27,29,35,25,27,33,35,34,28,34,27
2.009000007847E12,"P",1,900,-9,23,1085467,20,37,1,,,1,2,2,2,2,2,,,2,,,2,,,1,2,2,2,2,2,2,0,15,1,1,2,3,1,2,1,2,1999,-9,1,4,,,,,,,,,,3,5,3,3,3,0,0,0,0,1,,18,0,1,0,0,51000,50,1,1,1,,,2,22,-9,26,-9,,2,1,,1,,,1,1,4970,67,25,,,,,,,4,"4451",1,,0,4720,,,,51000,51000,23,-9,455,900,-9,23,-9,1,2,4,1,1,-9,69,-9,0,0,0,0,1,0,1,0,,,,,"412010","","",,1,0,0,0,0,0,0,0,0,0,0,0,0,0,0,0,0,0,0,0,0,0,0,,0,,0,,0,0,0,0,0,0,0,0,0,0,0,0,0,0,0,0,0,0,0,0,0,0,0,0,0,0,0,0,0,0,0,0,0,0,0,0,0,0,0,0,0,,0,22,19,26,22,35,29,8,31,22,22,7,5,6,21,28,31,6,19,38,5,33,33,6,6,18,17,19,18,29,5,22,22,21,34,6,20,22,30,22,25,18,19,24,22,35,35,7,35,20,23,5,6,6,19,19,29,5,17,33,6,35,33,6,6,20,23,20,22,28,8,19,22,23,29,7,20,23,33,20,21
2.009000008136E12,"P",1,100,-9,23,1085467,30,50,1,,,1,2,2,2,2,2,,,2,,,2,,,1,2,2,2,2,2,2,0,10,1,1,2,3,2,2,1,2,1981,-9,1,4,,,,,,,,,,3,5,3,3,3,0,0,0,0,1,,18,0,1,0,0,50000,40,1,1,1,,,1,22,-9,999,-9,,2,1,,1,,,1,1,3580,66,25,,,,,,,4,"33641M1",1,,0,8740,,,,50000,50000,9,-9,446,100,-9,23,-9,1,2,2,1,1,-9,69,-9,0,0,0,0,1,0,1,0,,,,,"519061","","",,1,0,0,0,0,0,0,0,0,0,0,0,0,0,0,0,0,0,0,0,0,0,0,,0,,0,,0,0,0,0,0,0,0,0,0,0,0,0,0,0,0,0,0,0,0,0,0,0,0,0,0,1,0,0,0,0,0,0,0,0,0,0,0,0,0,0,0,,0,10,30,8,32,28,26,32,8,8,35,30,10,35,30,10,12,10,10,31,30,33,40,29,59,50,52,50,33,29,46,46,29,57,61,29,26,31,35,52,56,48,32,61,34,33,32,31,46,53,29,28,53,31,29,46,46,55,52,29,28,30,8,31,9,10,8,8,28,28,10,9,36,8,8,31,25,33,39,11,8
2.009000008748E12,"P",1,1000,-9,23,1085467,19,59,1,,,1,2,2,2,2,2,,,2,,,2,,,2,1,2,2,2,2,2,0,30,1,1,2,1,2,2,1,2,1971,-9,1,4,,,,,,,,,,3,5,3,3,3,0,0,0,0,1,,16,0,1,0,0,20000,70,1,1,1,,,1,939,-9,999,-9,,2,1,,1,,,1,1,6170,94,49,,,,,,,1,"484",1,,0,9130,,,,20000,20000,23,-9,179,1000,-9,23,-9,1,2,4,1,1,-9,69,-9,0,0,0,0,1,0,1,0,,,,,"533030","","",,1,0,0,0,0,0,0,0,0,0,0,0,0,0,0,0,0,0,0,0,0,0,0,,0,,0,,0,0,0,0,0,0,0,0,0,0,0,0,0,0,0,0,0,0,0,0,0,0,0,0,0,0,0,0,0,0,0,0,0,0,0,0,0,0,0,0,0,,0,6,7,20,30,5,33,19,18,19,19,20,20,6,33,19,21,30,31,21,19,20,19,34,20,21,19,31,6,5,5,6,34,21,23,6,34,18,19,32,34,30,35,17,7,31,5,20,20,23,21,19,23,35,7,20,18,5,6,19,19,18,18,6,22,18,18,5,35,36,33,34,6,20,20,32,7,18,22,6,7
2.009000009257E12,"P",1,900,-9,23,1085467,23,42,1,,,1,2,2,2,2,2,,2,2,,,2,,,1,2,2,2,2,2,2,0,90,1,1,2,1,2,2,1,2,1993,-9,1,3,,,,,,,,,,2,5,2,2,3,0,0,0,0,1,,18,0,1,0,0,52000,45,1,1,1,,,1,939,-9,999,-9,,2,1,,1,,,1,1,770,82,25,,,,,,,1,"23",1,,0,220,,,,52000,52000,23,-9,356,900,-9,23,-9,1,2,4,1,1,-9,69,-9,0,0,0,0,1,0,1,0,,,,,"119021","","",,1,0,0,0,0,0,0,0,0,0,0,0,0,0,0,0,0,0,0,0,0,0,0,,0,,0,,0,0,0,0,0,0,0,0,0,0,0,0,0,0,0,0,0,0,0,0,0,0,0,0,0,0,0,0,0,0,0,0,0,0,0,0,0,1,0,0,0,,0,26,7,25,23,6,20,38,7,6,39,23,23,34,25,40,22,23,22,8,6,21,38,24,21,35,22,7,37,39,6,21,23,6,25,7,21,23,23,38,7,23,40,22,23,38,21,7,43,32,6,24,24,7,22,7,21,21,23,37,43,22,8,21,22,7,23,38,6,7,45,23,22,37,21,38,24,22,20,7,46
2.009000009589E12,"P",1,1000,-9,23,1085467,47,79,1,,,,1,1,2,1,1,,,1,,,2,,,1,2,1,2,2,2,2,0,,,,2,1,2,2,2,2,1950,-9,1,4,,,,,,,,,,2,5,2,2,3,0,0,0,0,1,,12,0,1,0,15000,0,,3,,2,,,2,917,-9,26,-9,,1,,,6,,,1,1,,,,,,,,,,1,,1,,0,,,,,0,15000,25,-9,391,,,,,1,1,3,1,1,-9,69,-9,0,0,0,0,1,0,1,0,,,,,,,,,1,0,0,0,0,0,0,0,0,0,0,0,0,0,0,0,0,0,0,0,0,0,0,0,0,,0,,0,0,0,0,0,0,0,0,0,0,0,0,0,0,0,0,0,0,0,0,0,0,0,0,0,0,0,0,0,0,0,0,0,0,0,0,0,0,0,0,0,,0,86,44,18,49,50,58,12,41,15,68,47,94,47,47,49,61,85,14,44,53,48,69,47,77,81,17,49,13,59,45,14,51,15,78,75,39,46,47,17,73,16,39,85,48,57,61,61,38,88,15,37,18,45,50,49,13,18,64,48,48,45,12,45,12,19,89,51,70,45,54,72,48,79,15,16,39,47,50,77,13
2.009000009616E12,"P",1,1000,-9,23,1085467,5,86,1,,,1,2,2,2,2,2,,2,2,,,2,,,1,1,1,2,2,2,2,840,,,,2,1,2,2,2,2,1946,-9,1,2,0,0,0,0,0,0,0,1,0,2,5,2,2,3,0,0,0,0,1,,19,0,1,0,7000,0,,2,,2,,,2,82,-9,32,-9,,2,,,6,,,1,1,7070,,,,,,,,,1,"531",1,,0,410,,,,0,7840,27,-9,106,,,,,1,1,1,1,1,-9,69,-9,0,0,0,0,1,0,1,0,,,,,"119141","","",11,1,0,0,0,0,0,0,0,0,0,0,0,0,0,0,0,0,0,0,0,0,0,0,0,0,,0,,0,0,0,0,0,1,0,0,0,0,0,0,0,0,0,0,0,0,0,0,0,0,0,0,0,0,0,0,0,0,0,0,0,0,0,0,0,0,0,0,0,,0,10,5,5,6,7,6,2,5,11,10,5,6,9,1,6,2,1,6,2,6,2,6,6,5,2,6,12,5,1,2,6,7,2,10,5,9,8,5,12,5,1,5,5,4,2,6,9,6,1,1,6,6,1,10,6,11,9,5,11,5,10,6,6,6,10,7,2,5,11,10,5,6,8,1,6,2,2,5,2,6
2.009000009681E12,"P",1,800,-9,23,1085467,7,47,1,,,3,2,2,2,2,2,,,2,,,2,,,1,2,2,2,2,2,2,0,20,1,1,2,1,2,2,1,2,1982,-9,1,4,,,,,,,,,,3,5,3,3,3,0,0,0,0,1,,16,0,1,0,0,45000,43,1,1,1,,,1,26,-9,999,-9,,2,1,,1,,,1,1,9470,218,127,,,,,,,1,"92MP",1,,0,3800,,,,45000,45000,23,-9,486,200,-9,33,-9,1,2,2,1,1,-9,69,-9,0,0,0,0,1,0,1,0,,,,,"333010","","",,1,0,0,0,0,0,0,0,0,0,0,0,0,0,0,0,0,0,0,0,0,0,0,,0,,0,,0,0,0,0,0,0,0,0,0,0,0,0,0,0,0,0,0,0,0,0,0,0,0,0,0,0,0,0,0,0,0,0,0,0,0,0,0,0,0,0,0,,0,8,15,6,7,7,7,15,7,7,3,2,12,13,2,7,13,2,3,8,7,8,2,8,8,8,7,2,7,7,14,16,2,3,14,8,4,13,15,9,6,8,14,8,7,7,9,12,6,9,2,2,12,14,2,6,13,3,2,7,6,8,3,8,8,7,8,2,7,10,14,9,3,1,13,9,2,15,12,8,9
2.009000010034E12,"P",1,800,-9,23,1085467,12,68,1,,,6,2,1,2,2,2,,,2,,,2,,,1,2,2,2,2,2,2,3800,,,,2,1,2,2,2,2,1984,-9,1,4,,,,,,,,,,2,5,2,2,3,0,0,0,15600,1,,21,700,1,0,0,0,20,1,6,2,,,1,87,-9,999,-9,,1,,,6,2304,,1,1,770,,,,,,,,,1,"23",1,,0,6260,,,,700,20100,23,-9,501,,,,,1,2,2,1,1,-9,69,-9,0,0,0,0,1,0,1,0,2,2,,,"472061","","",,1,0,0,0,0,0,0,0,0,0,0,0,0,0,0,0,0,0,0,0,0,0,0,,0,,0,,0,0,0,0,0,0,0,0,0,0,0,0,0,0,0,0,0,0,0,0,0,0,0,0,0,0,0,0,0,0,0,0,0,0,0,0,0,0,0,0,0,,0,21,24,21,4,12,15,23,3,12,11,4,11,11,4,16,13,12,4,18,13,16,18,22,4,11,11,24,3,13,12,3,11,10,4,14,15,11,4,27,10,24,21,23,4,9,12,19,3,13,14,3,12,14,4,10,12,12,4,24,13,21,19,24,3,11,13,17,4,14,12,5,10,12,3,16,13,11,3,22,11
2.009000010412E12,"P",1,1000,-9,23,1085467,6,66,1,,,1,2,2,2,2,2,,2,2,,,2,,,1,2,1,2,2,2,2,0,60,1,1,2,1,2,2,1,2,1968,-9,1,2,0,0,0,1,0,0,0,0,0,3,5,3,3,3,0,0,0,24000,1,,21,0,1,0,4500,40000,40,1,1,1,,,1,91,-9,999,-9,,2,1,,1,2314,,1,1,7180,88,37,,,,,,,1,"532M",1,,0,4710,,,,40000,68500,23,-9,501,1000,-9,23,-9,1,1,1,1,1,-9,69,-9,0,0,0,0,1,0,1,0,2,2,,,"411012","","",6,1,0,0,0,0,0,0,0,0,0,0,0,0,0,0,0,0,0,0,0,0,0,0,0,0,,0,,0,0,0,0,0,0,0,0,0,0,0,0,0,0,0,0,0,0,0,0,0,0,0,0,0,0,0,0,0,0,0,0,0,0,0,0,0,0,0,0,0,,0,7,9,5,6,2,10,2,2,6,5,12,8,2,6,6,6,1,5,6,5,2,5,10,1,5,6,6,6,10,8,6,5,5,11,1,10,7,2,2,9,6,9,7,6,1,8,1,2,6,5,11,10,2,6,6,5,2,5,6,6,1,6,10,2,7,7,6,5,9,9,5,6,6,12,2,8,7,2,2,12
2.009000010493E12,"P",1,600,-9,23,1085467,17,56,1,,,3,2,2,2,2,2,,,2,,,2,,,1,2,2,2,2,2,2,0,10,1,1,2,3,2,2,1,2,1975,-9,1,4,,,,,,,,,,3,5,3,3,3,0,0,0,0,1,,22,0,2,0,0,55000,40,1,1,1,,,1,935,-9,999,-9,,2,1,,1,2304,,1,1,7860,81,40,,,,,,,4,"6111",1,,0,2310,,,4,55000,55000,17,-9,494,600,-9,23,-9,1,2,3,1,1,-9,69,-9,0,0,0,0,1,0,1,0,2,2,,,"252020","","",,1,0,0,0,0,0,0,0,0,0,0,0,0,0,0,0,0,0,0,0,0,0,0,,0,,0,,0,0,0,0,0,0,0,0,0,0,0,0,0,0,0,0,0,0,0,0,0,0,0,0,0,1,0,0,0,0,0,0,0,0,0,0,0,0,0,0,0,,0,17,6,16,16,5,17,31,26,33,15,16,17,20,17,5,5,6,20,28,29,15,4,15,17,5,17,35,30,29,16,18,17,17,21,5,5,5,19,30,31,15,5,19,18,6,17,28,29,32,17,16,16,18,19,5,5,5,19,32,34,15,4,17,14,5,16,30,35,29,17,14,17,16,16,5,5,5,18,29,26
2.009000010505E12,"P",1,200,-9,23,1085467,30,26,1,,,5,2,2,2,2,2,,2,2,,,,,,2,2,2,2,1,2,2,0,10,1,1,2,5,,,,,,,1,1,1,0,0,0,0,0,0,0,0,3,5,3,3,3,0,0,0,0,2,15,19,0,1,0,0,45000,38,1,1,1,,,2,50,-9,32,-9,,2,1,,4,,,1,1,9780,78,37,,,,,,,6,"928110P5",1,,0,1530,,,,45000,45000,51,-9,402,200,-9,23,-9,1,2,1,1,1,-9,69,-9,0,0,0,0,1,0,1,0,,,,,"1721YY","","",1,1,0,0,0,0,0,0,0,0,0,0,0,0,0,0,0,0,0,0,0,0,0,0,,0,,0,0,0,0,0,0,0,0,0,0,0,0,0,0,0,0,0,0,0,0,0,0,0,0,0,0,0,0,0,0,0,0,0,0,0,0,0,0,0,0,0,0,0,,0,31,55,29,8,35,29,9,43,32,29,8,31,25,48,34,25,9,46,50,26,8,31,54,29,11,10,30,31,9,58,27,49,49,27,55,11,30,28,31,44,30,8,31,55,25,33,63,9,28,33,48,28,27,10,23,30,51,8,10,37,55,36,9,29,49,49,27,31,55,8,33,9,9,29,10,38,26,33,32,7
2.009000010684E12,"P",1,800,-9,23,1085467,23,56,1,,,,2,2,2,2,1,,,1,,,2,,,2,2,2,1,2,2,2,0,,,,2,3,2,2,3,2,1992,-9,1,4,,,,,,,,,,2,5,2,2,3,0,0,0,8000,1,,12,0,1,0,0,0,,3,,2,,,2,50,-9,26,-9,,1,,,6,,,1,1,,,,,,,,,,4,,1,,0,,,,,0,8000,23,-9,54,,,,,2,1,2,1,1,-9,69,-9,0,0,0,0,1,0,1,0,,,,,,,,,1,0,0,0,0,0,0,0,0,0,0,0,0,0,0,0,0,0,0,0,0,0,0,,0,0,0,,0,0,0,0,0,0,0,0,0,0,0,0,0,0,0,0,0,0,0,0,0,0,0,0,0,0,0,0,0,0,0,0,0,0,0,0,0,0,0,0,0,,0,19,6,6,6,7,21,7,21,6,21,18,21,22,6,8,21,28,8,23,25,40,21,22,23,26,39,22,36,21,36,41,46,35,27,28,35,40,22,35,43,25,38,39,34,37,22,31,25,40,21,25,24,23,38,34,23,20,35,26,23,6,25,24,22,24,8,25,7,21,7,6,6,7,24,19,7,6,24,7,8
2.009000010979E12,"P",1,500,-9,23,1085467,9,51,1,,,1,2,2,2,2,2,,,2,,,2,,,2,2,2,2,2,2,2,200,7,1,1,2,3,2,2,1,2,1985,-9,1,4,,,,,,,,,,3,5,3,3,3,15000,0,0,0,1,,19,0,2,0,0,10000,24,1,2,1,,,2,87,-9,920,-9,,2,1,,1,,,2,1,4880,113,73,,,,,,,4,"44413",1,,0,4760,,,4,10000,25200,23,-9,204,500,-9,23,-9,2,2,2,1,1,-9,69,-9,0,0,0,0,1,0,1,0,,,,,"412031","","",,1,0,0,0,0,0,0,0,0,0,0,0,0,0,0,0,0,0,0,0,0,0,0,,0,,0,,0,0,0,0,0,0,0,0,0,0,0,0,0,0,0,0,0,0,0,0,0,0,0,0,0,0,0,0,0,0,0,0,0,0,0,0,0,0,0,0,0,,0,16,3,10,13,2,2,8,10,13,8,10,13,7,12,11,12,2,3,16,7,3,15,8,3,18,18,11,8,3,8,12,9,7,3,10,11,18,12,3,8,18,2,10,15,2,3,11,13,13,9,8,8,8,18,11,9,3,3,14,9,3,18,9,2,13,14,12,10,2,7,11,9,10,3,8,9,17,15,2,7
2.009000010995E12,"P",1,400,-9,23,1085467,10,64,1,,,7,2,2,2,2,2,,2,2,,,2,,,2,1,2,2,2,2,2,1000,,,,2,1,2,2,1,2,1973,-9,1,2,0,0,0,1,0,0,0,0,0,2,5,2,2,3,0,0,0,0,1,,21,0,1,0,0,0,,2,,2,,,2,22,-9,88,-9,,2,,,6,5501,,1,1,3190,,,,,,,,,1,"333MS",1,,0,430,,,,0,1000,53,-9,13,,,,,1,2,3,1,1,-9,69,-9,0,0,0,0,1,0,1,0,1,2,,,"1191XX","","",6,1,0,0,0,0,0,0,0,0,0,0,0,0,0,0,0,0,0,0,0,0,0,0,,0,,0,,0,0,0,0,0,0,0,0,0,0,0,0,0,0,0,0,0,0,0,0,0,0,0,0,0,0,0,0,0,0,0,0,0,0,0,0,0,0,0,0,0,,0,3,14,8,3,10,10,8,18,4,19,2,15,10,8,8,3,9,15,10,16,9,10,3,7,15,18,15,10,11,8,8,10,3,2,2,10,15,10,4,2,9,10,17,6,2,4,2,10,10,10,10,9,16,20,19,11,2,11,19,11,16,3,8,18,11,8,9,3,14,3,18,3,9,7,8,11,11,3,8,9
2.009000011101E12,"P",1,1000,-9,23,1085467,7,72,4,1987,-9,,2,2,2,2,2,,,2,1,,2,,,2,1,1,2,2,2,2,0,,,,1,1,2,2,1,2,1959,-9,1,4,,,,,,,,,,2,5,2,2,3,0,0,0,18000,1,,19,0,2,0,5300,0,,3,,2,1959,-9,2,50,-9,26,-9,2,2,,,6,,,1,1,,,,620,-9,,,,,1,,2,,0,,,,4,0,23300,301,-9,381,,,,,1,1,4,1,1,-9,69,-9,0,0,0,0,1,0,1,0,,,,,,,,,7,0,0,0,0,0,0,0,0,0,0,0,0,0,0,0,0,0,0,0,0,0,0,0,0,,0,,0,0,0,0,0,0,0,0,0,0,0,0,0,0,0,0,0,0,0,0,0,0,0,0,0,0,0,0,0,0,0,0,0,0,0,0,0,0,0,0,0,,0,3,7,12,7,2,7,8,8,2,8,3,11,8,13,7,8,9,12,14,8,8,12,8,3,6,3,2,13,8,11,8,7,10,7,12,3,3,7,7,12,13,7,2,7,14,6,7,7,15,6,12,3,9,2,8,6,7,2,2,7,7,3,8,13,8,13,14,2,7,2,8,8,2,8,2,12,13,6,7,2
2.009000011513E12,"P",1,100,-9,23,1085467,7,39,1,,,6,2,2,2,2,2,,,2,,2,2,,,1,2,2,2,2,2,2,0,10,1,1,2,3,1,2,1,2,1998,-9,1,4,,,,,,,,,,3,5,3,2,3,0,0,0,0,1,,20,41800,2,0,0,0,50,1,1,1,,,4,999,-9,999,-9,,2,1,,1,,,1,1,8980,102,61,,,,,,,4,"812112",1,,0,4510,,,2,41800,41800,23,-9,212,100,-9,23,-9,1,2,3,1,1,-9,69,-9,0,0,0,0,1,0,1,0,,,,,"395012","","",,1,0,0,0,0,0,0,0,0,0,0,0,0,0,0,0,0,0,0,0,0,0,0,,0,,0,,0,0,0,0,0,0,0,0,0,0,0,0,0,1,1,1,1,0,0,0,0,0,0,0,0,0,0,0,0,0,0,0,0,1,0,0,0,0,0,0,0,,0,1,2,7,13,12,6,2,11,2,6,7,6,7,6,7,12,3,8,7,8,7,7,12,7,7,13,7,7,6,12,2,2,2,3,11,6,7,2,13,11,2,1,6,13,10,8,3,11,2,7,6,6,7,7,7,12,2,7,7,6,7,6,13,8,7,12,8,7,7,12,2,2,2,2,12,8,7,2,14,13
2.009000011548E12,"P",1,700,-9,23,1085467,32,33,1,,,7,2,2,2,2,2,,,2,,,2,,,1,2,2,2,2,2,2,0,10,1,1,2,1,2,2,1,2,1999,-9,1,4,,,,,,,,,,3,5,3,3,3,0,0,0,0,1,,16,10000,1,0,0,36000,43,1,1,1,,,2,22,-9,88,-9,,2,1,,1,,,1,1,4670,93,52,,,,,,,1,"4411",1,,0,4760,,,,46000,46000,23,-9,289,700,-9,23,-9,1,2,1,1,1,-9,69,-9,0,0,0,0,1,0,1,0,,,,,"412031","","",,1,0,0,0,0,0,0,0,0,0,0,0,0,0,0,0,0,0,0,0,0,0,0,,0,,0,,0,0,0,0,0,0,0,0,0,0,0,0,0,0,0,0,0,0,0,0,0,0,0,0,0,0,0,0,0,0,0,0,0,0,0,0,0,0,0,0,0,,0,11,32,31,50,32,42,28,30,56,30,29,12,10,53,50,14,28,49,15,43,63,23,27,10,30,32,31,32,9,34,31,53,60,10,8,64,28,8,65,35,9,37,31,57,30,34,36,33,62,31,23,11,10,50,52,9,33,56,9,30,47,34,35,13,30,43,36,26,11,29,28,57,55,10,9,47,31,10,56,35
2.009000012805E12,"P",1,700,-9,23,1085467,84,56,1,,,1,2,2,1,2,2,,2,2,,,2,,,1,2,2,2,1,2,2,0,,,,2,1,2,2,2,2,1997,-9,1,2,0,1,1,1,0,0,0,0,0,2,5,2,2,3,0,0,0,18000,1,,19,0,1,0,0,0,,2,,2,,,2,32,-9,22,-9,,1,,,6,,,1,1,1370,,,,,,,,,1,"3121",1,,0,9130,,,,0,18000,35,-9,230,,,,,1,2,1,1,1,-9,69,-9,0,0,0,0,1,0,1,0,,,,,"533030","","",5,1,0,0,0,0,0,0,0,0,0,0,0,0,0,0,0,0,0,0,0,0,0,0,,0,,0,0,0,0,0,0,0,0,0,0,0,0,0,0,0,0,0,0,0,0,0,0,0,0,0,0,0,0,0,0,0,0,0,0,0,0,0,0,0,0,0,0,0,,0,84,92,150,27,138,154,81,83,26,27,152,95,71,83,129,101,78,77,31,25,85,83,115,27,117,124,93,88,24,20,130,89,88,88,138,76,76,88,24,23,91,81,142,25,120,154,90,82,24,22,144,90,86,81,120,81,92,75,21,25,79,83,150,30,137,133,85,91,27,31,139,84,88,90,126,85,77,85,27,27
2.009000013412E12,"P",1,200,-9,23,1085467,21,75,1,,,,2,1,2,2,1,3,1,2,,,1,,2,1,1,1,2,1,2,2,0,,,,2,2,2,2,3,2,1975,-9,1,2,0,0,1,1,1,0,0,0,0,2,5,2,2,3,4500,0,0,16500,1,,16,0,1,0,14400,0,,3,,2,,,2,22,-9,918,-9,,1,,,6,,,1,1,,,,,,,,,,3,,1,,0,,,,,0,35400,48,-9,217,,,,,1,1,1,1,1,-9,69,-9,0,0,0,0,1,0,1,0,,,,,,,,6,1,0,0,0,0,0,0,0,0,0,0,0,0,0,0,0,0,0,0,0,0,0,0,1,0,,0,0,0,0,0,0,0,0,0,0,0,0,0,0,0,0,0,0,0,0,0,0,0,0,0,0,0,0,0,0,0,0,0,0,0,0,0,0,0,0,0,0,0,,0,29,38,34,7,21,19,36,7,18,20,7,23,22,8,28,24,20,7,31,20,6,6,6,37,22,17,7,40,20,20,31,23,18,42,22,17,23,37,5,28,5,8,8,30,22,17,7,40,22,22,40,23,19,37,24,22,25,35,5,18,38,38,38,6,20,19,42,6,22,19,5,20,16,5,20,22,21,5,36,23
2.009000013439E12,"P",1,500,-9,23,1085467,7,75,1,,,,2,1,2,2,2,,,2,,,2,,,2,1,1,2,2,2,2,0,,,,2,2,2,2,1,2,1953,-9,1,4,,,,,,,,,,2,5,2,2,3,0,0,0,0,1,,12,0,1,0,7200,0,,3,,2,,,4,999,-9,999,-9,,1,,,6,,,1,1,,,,,,,,,,3,,1,,0,,,,,0,7200,23,-9,69,,,,,1,1,4,1,1,-9,69,-9,0,0,0,0,1,0,1,0,,,,,,,,,1,0,0,0,0,0,0,0,0,0,0,0,0,0,0,0,0,0,0,0,0,0,0,0,0,,0,,0,0,0,0,0,0,0,0,0,0,0,0,0,0,0,0,0,0,0,0,0,0,0,0,0,0,0,0,0,0,0,0,0,0,0,0,1,0,0,0,0,,0,9,15,2,9,9,9,11,2,8,10,14,8,15,14,2,2,9,8,7,25,8,2,13,7,6,7,3,15,8,8,2,9,2,3,14,14,9,8,6,12,8,2,16,7,9,10,1,12,7,9,2,6,2,3,10,11,7,8,8,3,9,19,3,7,9,4,12,3,5,8,12,8,13,15,2,3,11,10,10,1
2.00900001353E12,"P",1,1000,-9,23,1085467,5,57,1,,,1,2,2,2,2,2,,,2,,,2,,,1,2,2,2,2,2,2,0,40,1,1,2,2,2,2,1,2,1971,-9,1,4,,,,,,,,,,2,5,2,2,3,0,0,0,6000,1,,16,0,1,0,0,59000,44,1,1,1,,,1,924,-9,999,-9,,2,1,,1,,,1,1,1870,192,112,,,,,,,3,"3221",1,,0,8600,,,,59000,65000,23,-9,501,1000,-9,23,-9,1,2,1,1,1,-9,69,-9,0,0,0,0,1,0,1,0,,,,,"518010","","",,1,0,0,0,0,0,0,0,0,0,0,0,0,0,0,0,0,0,0,0,0,0,0,,0,,0,,0,0,0,0,0,0,1,0,0,0,0,0,0,0,0,0,0,0,0,0,0,0,0,0,0,0,0,0,0,0,0,0,0,0,0,0,0,0,0,0,0,,0,5,9,5,5,5,2,1,5,1,10,1,9,6,9,9,5,5,6,5,3,9,5,2,10,8,5,6,1,4,4,6,5,1,5,5,8,9,2,2,6,2,5,8,2,1,4,6,8,5,5,4,5,9,6,6,2,1,7,8,7,5,1,6,6,6,8,8,5,9,2,9,1,4,1,1,5,5,6,5,2
2.009000013608E12,"P",1,1000,-9,23,1085467,9,87,1,,,,2,2,1,1,1,5,1,1,,,2,,,2,1,1,2,2,1,2,0,,,,2,2,2,2,1,2,1946,-9,1,2,0,0,0,0,0,0,0,1,0,2,5,2,2,3,13800,0,0,0,1,,20,0,2,0,5000,0,,3,,2,,,2,88,-9,51,-9,,1,,,6,,,1,1,,,,,,,,,,3,,1,,0,,,,4,0,18800,9,-9,183,,,,,1,1,2,1,1,-9,69,-9,0,0,0,0,1,0,1,0,,,,,,,,11,1,0,0,0,0,0,0,0,0,0,0,0,0,0,0,0,0,0,0,0,0,0,0,0,0,,0,,0,0,0,0,0,0,0,0,0,0,0,0,0,0,0,0,0,0,0,0,0,0,0,1,0,0,0,0,0,0,0,0,0,0,0,0,1,0,0,0,0,,0,2,11,11,10,3,16,2,9,14,17,15,9,3,16,10,13,7,10,4,3,9,3,2,15,6,9,9,15,11,9,9,3,9,9,13,3,17,15,9,10,3,13,8,9,2,16,2,8,15,15,15,10,3,13,8,10,10,11,3,4,9,2,2,18,8,10,8,15,13,11,7,2,10,9,16,4,15,16,8,13
2.009000013766E12,"P",1,400,-9,23,1085467,89,46,1,,,3,2,2,2,2,2,,,2,,2,2,,,1,2,2,1,2,2,2,0,30,1,1,2,3,2,2,1,2,1987,-9,1,4,,,,,,,,,,3,5,3,3,3,0,0,0,0,1,,21,0,2,0,0,32000,40,1,1,1,,,1,939,-9,999,-9,,2,1,,1,6002,,1,1,7860,88,43,,,,,,,4,"6111",1,,0,620,,,2,32000,32000,23,-9,184,500,-9,23,-9,1,1,4,1,1,-9,69,-9,0,0,0,0,1,0,1,0,2,2,,,"131070","","",,1,0,0,0,0,0,0,0,0,0,0,0,0,0,0,0,0,0,0,0,0,0,0,,0,0,0,,0,0,0,0,0,0,0,0,0,0,0,0,0,0,0,0,0,0,0,0,0,0,0,0,0,0,0,0,0,0,0,0,0,0,0,0,0,0,0,0,0,,0,128,149,37,28,122,88,32,98,129,95,90,34,92,106,96,75,33,97,89,96,128,138,30,38,149,78,27,131,159,107,85,24,75,92,97,74,29,92,75,86,29,33,123,158,42,79,164,32,33,93,100,112,79,87,94,100,136,85,71,79,27,33,135,118,32,98,113,26,36,109,78,142,89,82,86,92,89,104,111,80
2.00900001414E12,"P",1,700,-9,23,1085467,18,51,1,,,1,2,2,2,2,2,,2,2,,,1,1,1,1,2,2,2,1,1,2,0,25,1,1,2,1,2,2,2,2,1999,-9,1,2,0,0,1,0,0,0,0,0,0,3,5,3,3,3,0,0,0,0,1,,19,0,2,0,0,45000,40,1,1,1,,,1,935,-9,999,-9,,2,1,,1,,,1,1,7980,75,31,,,,,,,1,"6212",1,,0,3410,,,4,45000,45000,23,-9,501,700,-9,23,-9,1,1,3,9,67,-9,65,-9,1,0,0,0,2,0,1,0,,,,,"292050","","",12,1,0,0,0,0,0,0,0,0,0,0,0,0,0,0,0,0,0,0,0,0,0,0,,0,,0,0,0,0,0,0,0,0,0,0,0,0,0,0,0,0,0,0,0,0,0,0,0,0,0,0,0,0,0,0,0,0,0,0,0,0,0,0,0,0,0,0,0,,0,20,5,29,26,6,15,17,8,11,6,14,24,22,27,16,18,14,15,26,6,16,5,34,29,6,14,19,6,13,5,21,22,19,31,19,32,19,16,27,33,13,26,3,6,36,15,16,23,26,21,20,14,15,7,19,4,20,14,4,28,24,22,4,6,30,29,19,30,21,38,25,16,17,6,18,6,25,13,4,7
2.009000014308E12,"P",1,500,-9,23,1085467,82,32,1,,,1,2,2,2,2,2,,,2,,2,2,,,2,2,2,1,2,2,2,0,,,,2,3,2,2,2,2,2003,-9,1,4,,,,,,,,,,2,5,2,2,3,1000,0,0,0,1,,17,0,2,0,0,0,,2,,2,,,1,22,-9,999,-9,,2,,,6,,,1,1,9290,,,,,,,,,4,"814",1,,0,4610,,,2,0,1000,23,-9,5,,,,,2,1,2,1,1,-9,69,-9,0,0,0,0,1,0,1,0,,,,,"399021","","",,1,0,0,0,0,0,0,0,0,0,0,0,0,0,0,0,0,0,0,0,0,0,0,,0,0,0,,0,0,0,0,0,0,0,0,0,0,0,0,0,0,0,0,0,0,0,0,0,0,0,0,0,0,0,0,0,0,0,0,0,0,0,0,0,0,0,0,0,,0,138,29,109,82,139,92,105,116,30,29,70,92,72,72,124,27,81,56,92,113,25,95,76,89,29,103,33,37,122,112,92,81,86,63,43,135,63,107,70,123,27,117,104,83,24,89,34,24,142,112,89,69,79,76,25,116,96,99,84,33,97,32,64,93,119,71,98,117,48,29,84,90,83,90,91,38,100,93,91,38
2.009000014403E12,"P",1,1000,-9,23,1085467,15,64,1,,,3,2,2,2,1,1,,,2,1,,1,5,1,2,2,2,1,2,2,1,0,,,,1,2,2,2,1,2,1977,-9,1,4,,,,,,,,,,2,5,2,2,3,0,3000,0,0,1,,17,0,2,5000,0,0,,2,,2,,,1,920,-9,999,-9,,1,,,6,,,1,1,9370,,,806,-9,,,,,3,"9211MP",1,,0,4230,,,4,0,8000,23,-9,46,,,,,2,1,1,3,31,-9,34,-9,1,0,0,0,1,0,0,0,,,,,"372012","","",,1,0,0,0,0,0,0,0,0,0,0,0,0,0,0,0,0,0,0,0,0,0,0,,0,0,0,,0,0,0,0,0,0,0,0,0,0,0,0,0,0,0,0,0,0,0,0,0,0,0,0,0,0,0,0,0,0,0,0,0,0,0,0,0,0,0,0,0,,0,23,5,4,13,18,11,16,16,8,16,5,6,27,14,20,17,21,29,18,12,5,21,19,15,18,18,5,20,14,14,22,26,9,15,5,14,17,7,14,17,3,21,15,19,20,20,7,16,17,15,24,30,7,17,5,15,15,5,12,18,14,6,5,15,15,13,20,12,6,15,3,5,17,19,21,25,21,37,19,21
2.009000015045E12,"P",1,100,-9,23,1085467,27,69,1,,,3,2,2,2,2,2,,,2,,,2,,,1,2,1,2,2,2,2,0,10,1,1,2,2,2,2,1,2,1959,-9,1,4,,,,,,,,,,3,5,3,3,3,0,0,0,0,1,,11,0,2,0,14200,17000,37,1,3,1,,,4,999,-9,999,-9,,2,1,,1,,,1,1,7860,87,46,,,,,,,3,"6111",1,,0,4120,,,4,17000,31200,23,-9,302,100,-9,23,-9,1,1,2,1,1,-9,69,-9,0,0,0,0,1,0,1,0,,,,,"353041","","",,1,0,0,0,0,0,0,0,0,0,0,0,0,0,0,0,0,0,0,0,0,0,0,1,0,,0,,0,0,0,0,0,0,0,0,0,0,0,0,0,0,0,0,0,0,0,0,0,0,0,0,0,0,0,0,0,0,0,0,0,0,0,0,0,0,0,0,0,,0,27,29,28,10,42,9,29,49,47,42,29,10,40,28,25,26,30,8,8,25,28,24,27,43,8,47,24,8,10,9,26,43,11,28,26,27,27,40,37,24,28,25,28,48,7,50,26,8,8,8,25,42,7,27,26,28,25,44,45,27,28,26,29,8,40,7,25,49,50,52,23,8,56,26,25,25,28,8,9,22
2.009000015102E12,"P",1,200,-9,23,1085467,20,38,1,,,2,2,2,2,2,2,,,2,,1,2,,,2,2,2,2,2,2,2,0,,,,2,1,2,2,1,2,1995,-9,1,4,,,,,,,,,,2,5,2,2,3,0,0,0,0,1,,21,0,2,0,0,3400,12,1,5,2,,,2,50,-9,32,-9,,2,,,6,5098,,2,1,8470,,,,,,,,,1,"6244",1,,0,2300,,,3,3400,3400,27,-9,98,,,,,2,2,1,1,1,-9,69,-9,0,0,0,0,1,0,1,0,1,2,,,"252010","","",,1,0,0,0,0,0,0,0,0,0,0,0,0,0,0,0,0,0,0,0,0,0,0,,0,,0,,0,0,0,0,0,0,0,0,0,0,0,0,0,0,0,0,0,0,0,0,0,0,0,0,0,0,0,0,0,0,0,0,0,0,0,0,0,0,0,0,0,,0,17,31,30,21,21,22,23,21,6,17,40,5,18,7,20,36,19,33,7,6,20,30,33,19,18,20,25,24,6,17,28,5,22,7,18,30,18,35,6,43,20,8,5,22,19,19,15,18,40,23,6,33,20,32,18,7,21,6,31,35,19,6,5,23,20,16,17,19,30,22,5,33,21,36,21,7,25,6,39,6
2.009000015596E12,"P",1,800,-9,23,1085467,17,32,1,,,1,2,2,2,2,2,,,2,,,2,,,1,2,2,2,2,2,2,10,60,1,1,2,1,2,2,1,2,1998,-9,1,4,,,,,,,,,,3,5,3,3,3,0,0,0,0,1,,19,0,1,0,0,50000,45,1,1,1,,,2,22,-9,88,-9,,2,1,,1,,,1,1,4270,82,31,,,,,,,1,"4238",1,,0,7220,,,,50000,50010,23,-9,412,200,-9,23,-9,1,2,4,1,1,-9,69,-9,0,0,0,0,1,0,1,0,,,,,"493040","","",,1,0,0,0,0,0,0,0,0,0,0,0,0,0,0,0,0,0,0,0,0,0,0,,0,,0,,0,0,0,0,0,0,0,0,0,0,0,0,0,0,0,0,0,0,0,0,0,0,0,0,0,0,0,0,0,0,0,0,0,0,0,0,0,0,0,0,0,,0,20,14,19,15,27,28,27,15,6,19,47,17,20,35,19,5,5,5,19,29,20,19,17,20,5,5,5,13,28,14,5,16,23,5,21,32,29,26,18,5,16,20,16,17,32,33,41,20,6,17,30,19,16,22,16,5,7,5,15,34,17,24,17,17,6,7,5,15,27,18,5,18,16,7,18,23,31,49,17,5
2.009000015644E12,"P",1,100,-9,23,1085467,23,27,1,,,1,2,2,2,2,2,,,2,,,,,,1,2,2,2,2,2,1,0,45,1,1,2,5,,,,,,,1,4,,,,,,,,,,3,5,3,3,3,0,0,0,0,1,,16,0,1,0,0,20000,40,1,3,,,,4,999,-9,999,-9,,2,1,,1,,,1,24,5380,103,55,,,,,,,6,"45211",1,,0,4700,,,,20000,20000,44,-9,179,100,-9,23,-9,1,2,3,9,67,-9,65,-9,1,0,0,0,2,0,1,0,,,,,"411011","","",,1,0,0,1,0,1,1,1,1,1,1,0,0,1,0,1,0,0,0,0,0,1,1,,1,,1,,1,1,1,0,1,1,0,0,0,0,0,1,0,0,0,0,0,1,0,0,0,1,1,1,1,1,0,0,0,1,0,1,1,1,0,1,1,1,1,1,1,,0,41,31,26,29,25,27,8,28,7,23,7,28,28,23,24,21,56,9,6,33,19,27,33,23,10,35,26,27,22,9,23,8,32,33,6,7,21,27,32,19,7,5,20,7,21,20,31,31,35,26,33,29,25,6,26,42,9,34,34,9,15,24,10,29,56,9,33,7,21,37,23,43,8,17,39,40,25,18,22,34
2.009000015976E12,"P",1,400,-9,23,1085467,10,45,1,,,7,2,2,2,2,2,,,2,,2,2,,,2,1,2,2,2,2,2,0,,,,2,1,2,2,1,2,1991,-9,1,4,,,,,,,,,,2,5,2,2,3,0,0,0,0,1,,21,0,2,0,0,0,,2,,2,,,1,195,-9,999,-9,,2,,,6,5505,,1,1,7070,,,,,,,,,1,"531",1,,0,4920,,,2,0,0,36,-9,0,,,,,1,2,2,1,1,-9,69,-9,0,0,0,0,1,0,1,0,1,2,,,"419020","","",,1,0,0,0,0,0,0,0,0,0,0,0,0,0,0,0,0,0,0,0,0,0,0,,0,,0,,0,0,0,0,0,1,0,0,0,0,0,0,0,0,0,0,0,0,0,0,0,0,0,1,0,0,0,0,0,0,0,0,0,0,0,0,0,0,0,0,0,,0,17,17,12,9,7,3,11,17,12,25,17,3,13,3,13,11,4,12,2,9,17,17,12,11,11,3,9,17,9,18,18,4,15,4,8,9,3,11,4,9,4,3,7,10,14,21,10,2,12,4,3,19,11,17,10,11,21,9,21,11,3,3,7,10,14,19,10,2,11,4,3,18,10,19,12,9,15,11,18,9
2.009000016038E12,"P",1,400,-9,23,1085467,29,66,1,,,1,2,2,2,2,1,,,2,,,2,,,2,2,1,1,2,2,2,0,10,1,1,2,1,2,2,1,2,1983,-9,1,4,,,,,,,,,,3,5,3,3,3,0,0,0,0,1,,17,0,1,0,12000,12000,24,1,4,,,,1,939,-9,999,-9,,1,1,,1,,,1,1,5275,102,61,,,,,,,1,"4511M",1,,0,4760,,,,12000,24000,23,-9,184,200,-9,23,-9,2,1,1,1,1,-9,69,-9,0,0,0,0,1,0,1,0,,,,,"412031","","",,1,0,0,0,0,1,1,0,0,1,0,0,0,1,0,1,0,0,0,0,0,0,0,0,0,1,0,,0,0,0,0,1,1,1,1,1,1,0,0,1,1,1,1,1,0,0,0,0,1,1,1,1,0,1,0,0,1,0,0,0,1,0,1,1,1,1,1,1,,0,35,9,35,55,44,38,31,26,24,35,36,9,9,7,31,48,35,10,28,9,28,46,28,7,10,10,22,28,33,26,27,42,40,44,31,9,28,48,35,8,32,49,34,9,8,8,31,27,26,31,30,56,48,40,30,10,27,41,27,51,26,8,26,42,51,54,25,29,39,27,24,8,10,9,34,46,28,9,29,54
2.00900001613E12,"P",1,100,-9,23,1085467,25,86,4,1946,-9,,2,2,2,2,2,,,2,1,,2,,,2,1,1,2,2,2,2,6500,,,,1,2,2,2,1,1,1945,-9,1,4,,,,,,,,,,2,3,2,2,3,0,0,0,0,1,,11,0,2,0,14100,0,,3,,2,1923,-9,1,931,-9,999,-9,1,2,,,6,,,1,1,,,,620,-9,,,,,3,,2,,0,,,,4,0,20600,301,-9,199,,,,,1,1,2,1,1,-9,69,-9,0,0,0,0,1,0,1,0,,,,,,,,,7,0,0,0,0,0,0,0,0,0,0,0,0,0,0,1,0,0,0,0,0,0,0,0,0,,0,,0,0,0,0,0,0,0,0,0,0,0,0,0,0,0,0,0,0,0,0,0,0,0,0,0,0,0,0,0,0,0,0,0,0,0,0,0,0,0,0,0,,0,21,47,25,24,27,7,28,8,32,24,8,24,46,8,8,38,24,28,40,41,25,47,24,27,26,9,29,8,25,26,7,26,41,9,7,41,25,29,49,47,28,45,25,28,21,6,27,7,25,23,7,25,40,7,8,44,26,28,40,40,27,42,26,27,27,8,25,9,32,23,8,23,48,8,9,45,27,29,39,47
2.009000016783E12,"P",1,1000,-9,23,1085467,22,52,1,,,6,2,2,2,2,2,,,2,,,2,,,2,1,2,2,2,2,2,0,2,2,1,2,1,2,2,1,2,1979,-9,1,4,,,,,,,,,,3,5,3,3,3,0,0,0,0,1,,19,18000,1,0,0,0,45,1,1,1,,,1,50,-9,999,-9,,2,2,,1,,,1,1,5470,88,49,,,,,,,1,"4531",1,,0,4760,,,,18000,18000,23,-9,235,1000,-9,23,-9,1,2,3,1,1,-9,69,-9,0,0,0,0,1,0,1,0,,,,,"412031","","",,1,0,0,0,0,0,0,0,0,0,0,0,0,0,0,0,0,0,0,0,0,0,0,,0,,0,,0,0,0,0,0,0,0,0,0,0,0,0,0,0,0,0,0,0,0,0,0,0,0,0,0,0,0,0,0,0,0,0,0,0,0,0,0,0,0,0,0,,0,6,21,24,36,19,20,19,23,42,20,18,6,6,39,42,8,22,41,7,23,7,23,21,35,19,23,28,26,35,24,24,6,7,39,47,8,22,39,6,21,6,21,25,38,26,20,19,27,41,24,24,7,7,36,37,7,24,35,6,21,7,22,25,44,22,25,20,18,45,21,19,9,7,37,39,6,23,40,6,30
2.009000016917E12,"P",1,400,-9,23,1085467,26,60,1,,,1,2,2,2,2,2,,,2,,,2,,,1,1,2,2,2,2,2,23000,,,11,2,1,2,2,1,2,1972,-9,1,4,,,,,,,,,,3,5,3,3,3,0,0,0,0,1,,21,91000,1,0,0,310000,40,1,1,1,,,2,931,-9,22,-9,,2,,,1,2408,,1,1,3390,,,,,,,,,1,"334M2",1,,0,1020,,,,401000,424000,25,-9,501,400,-9,23,-9,1,2,3,1,1,-9,69,-9,0,0,0,0,1,0,1,0,1,2,,,"151030","","",,1,0,0,0,0,0,0,0,0,0,0,0,0,0,0,0,0,0,0,0,0,0,0,,0,,0,,0,0,0,0,0,0,0,0,0,0,0,0,0,0,0,0,0,0,0,0,0,0,0,0,0,0,0,0,0,0,0,0,0,0,0,0,0,0,0,0,0,,0,43,24,8,8,9,25,24,24,28,29,46,41,43,24,8,24,44,24,24,7,47,26,7,7,8,26,26,27,27,26,43,46,41,26,9,31,48,24,26,7,49,26,7,7,7,26,25,24,27,27,48,42,47,28,8,26,42,26,26,7,40,25,8,7,7,29,25,25,27,27,45,46,50,24,9,26,43,27,23,7
2.009000016976E12,"P",1,600,-9,23,1085467,6,59,1,,,7,2,2,2,2,2,,,2,,,2,,,1,2,2,2,2,2,2,0,20,1,1,2,1,2,2,1,2,1974,-9,1,4,,,,,,,,,,3,5,3,3,3,0,0,0,0,1,,22,3000,2,0,0,7000,65,1,1,1,,,2,32,-9,91,-9,,2,1,,1,1401,,1,1,7070,86,43,,,,,,,1,"531",1,,0,4920,,,4,10000,10000,10,-9,409,600,-9,23,-9,1,2,4,1,1,-9,69,-9,0,0,0,0,1,0,1,0,2,1,,,"419020","","",,1,0,0,0,0,0,0,0,0,0,0,0,0,0,0,0,0,0,0,0,0,0,0,,0,,0,,0,0,0,0,0,0,0,0,0,0,0,0,0,0,0,0,0,0,0,0,0,0,0,0,0,0,0,0,0,0,0,0,0,0,0,0,0,0,0,0,0,,0,9,6,2,6,5,5,2,6,1,10,5,10,6,6,5,10,10,2,6,5,5,9,6,9,10,1,6,2,5,6,2,5,2,10,10,5,5,5,1,9,1,5,10,5,5,6,11,6,9,1,5,1,6,7,5,1,1,10,6,5,6,2,4,2,2,11,7,9,4,5,12,5,9,2,2,5,6,6,8,2
2.009000016978E12,"P",1,300,-9,23,1085467,22,40,1,,,2,2,2,2,2,2,,,2,,2,2,,,1,2,2,2,2,2,2,0,35,1,1,2,3,1,2,1,2,1989,-9,1,4,,,,,,,,,,3,5,3,3,3,0,0,0,0,1,,21,0,2,0,0,75000,45,1,1,1,,,4,999,-9,999,-9,,2,1,,1,2300,,1,1,8370,89,43,,,,,,,4,"6241",1,,0,420,,,3,75000,75000,50,-9,501,200,-9,23,-9,1,2,1,1,1,-9,69,-9,0,0,0,0,1,0,1,0,2,2,,,"119151","","",,1,0,0,0,0,0,0,0,0,0,0,0,0,0,0,0,0,0,0,0,0,0,0,,0,,0,,0,0,0,0,0,0,0,0,0,0,0,0,0,0,0,0,0,0,0,0,0,0,0,0,0,0,0,0,0,0,0,0,0,0,0,0,0,0,0,0,0,,0,24,19,33,38,7,7,37,19,6,36,41,19,18,6,22,22,22,21,8,22,23,25,7,6,34,38,6,24,40,6,7,20,22,47,20,20,21,22,41,27,23,22,6,6,33,36,7,24,45,6,7,24,19,36,20,19,22,22,40,21,22,20,36,37,7,6,32,21,5,39,38,20,21,6,20,21,25,22,6,21
2.009000016981E12,"P",1,800,-9,23,1085467,10,43,1,,,1,2,2,2,2,2,,,2,,,2,,,1,2,2,2,2,2,2,0,25,1,1,2,1,2,2,3,2,2001,-9,1,4,,,,,,,,,,3,5,3,3,3,0,0,0,0,1,,15,0,1,0,0,28000,38,1,1,1,,,2,22,-9,32,-9,,2,1,,1,,,1,1,8680,80,36,,,,,,,1,"722Z",1,,0,4010,,,,28000,28000,25,-9,361,200,-9,33,-9,1,2,3,1,1,-9,69,-9,0,0,0,0,1,0,1,0,,,,,"351012","","",,1,0,0,0,0,0,0,0,0,0,0,0,0,0,0,0,0,0,0,0,0,0,0,,0,,0,,0,0,0,0,0,0,0,0,0,0,0,0,0,0,0,0,0,0,0,0,0,0,0,0,0,0,0,0,0,0,0,0,0,0,0,0,0,0,0,0,0,,0,9,4,10,10,3,10,24,16,15,9,10,8,10,9,3,3,3,10,17,15,12,2,11,12,3,10,16,15,15,11,11,10,12,9,2,3,3,10,20,17,9,4,10,8,3,14,16,16,20,10,11,10,10,12,2,3,3,10,17,16,10,4,11,10,3,11,18,15,15,10,11,10,9,10,3,3,3,13,16,18
2.009000017823E12,"P",1,300,-9,23,1085467,31,55,1,,,5,2,2,2,2,2,,,2,,,2,,,1,2,2,2,2,2,2,5000,10,1,1,2,1,2,2,1,2,1984,-9,1,4,,,,,,,,,,3,5,3,3,3,0,0,0,0,1,,22,0,1,0,0,90000,48,1,1,1,,,1,51,-9,999,-9,,2,1,,1,1105,,1,1,9570,78,37,,,,,,,1,"92M2",1,,0,430,,,,90000,95000,9,-9,501,300,-9,23,-9,1,2,2,1,1,-9,69,-9,0,0,0,0,1,0,1,0,1,2,,,"1191XX","","",,1,0,0,0,0,0,0,0,0,0,0,0,0,0,0,0,0,0,0,0,0,0,0,,0,,0,,0,0,0,0,0,0,0,1,0,0,0,0,0,0,0,0,0,0,0,0,0,0,0,0,0,0,0,0,0,0,0,0,0,0,0,0,0,0,0,0,0,,0,49,30,53,10,10,33,31,30,50,30,10,28,8,9,58,29,55,27,25,29,51,29,56,9,9,33,32,32,54,32,8,32,9,9,57,32,52,29,31,27,9,28,8,54,49,31,30,31,8,32,52,28,60,51,9,31,8,32,31,34,9,29,9,52,48,33,31,30,11,31,54,28,55,48,10,33,9,33,28,27
2.009000018061E12,"P",1,1000,-9,23,1085467,4,89,1,,,,2,2,2,1,2,,,1,,,2,,,2,1,1,1,2,2,2,20,,,,2,2,2,2,1,2,1940,-9,1,4,,,,,,,,,,2,3,2,2,3,0,0,0,0,1,,11,0,2,0,9500,0,,3,,2,,,1,935,-9,999,-9,,1,,,6,,,1,1,,,,,,,,,,3,,1,,0,,,,4,0,9520,23,-9,92,,,,,1,1,4,1,1,-9,69,-9,0,0,0,0,1,0,1,0,,,,,,,,,1,0,0,0,0,0,0,0,0,0,0,0,0,0,0,0,0,0,0,0,0,1,0,0,0,0,1,,1,1,1,0,0,0,0,0,0,0,0,0,0,0,0,0,0,0,0,0,0,0,0,0,0,0,0,0,0,0,0,0,0,0,0,0,0,0,0,0,0,,0,4,6,4,4,4,4,7,3,3,1,2,7,7,1,3,5,1,1,4,3,4,1,5,4,3,4,2,4,3,6,6,1,0,7,3,1,5,7,4,3,4,1,3,3,3,4,0,4,3,7,6,1,1,5,4,0,6,6,3,3,4,7,4,3,4,4,6,5,3,2,1,6,5,1,5,6,1,1,3,4
2.009000018378E12,"P",1,500,-9,23,1085467,45,36,1,,,6,2,2,2,2,2,,,2,,,2,,,2,2,2,2,2,2,2,60,30,2,1,2,5,,,,,,,1,4,,,,,,,,,,3,5,3,3,3,0,0,0,0,1,,16,40000,1,0,0,0,40,1,1,1,,,1,939,-9,999,-9,,2,2,,1,,,2,1,770,76,31,,,,,,,6,"23",1,,0,6230,,,,40000,40060,23,-9,358,900,-9,23,-9,2,2,2,1,1,-9,69,-9,0,0,0,0,1,0,1,0,,,,,"472031","","",,1,0,0,0,0,0,0,0,0,0,0,0,0,0,0,0,0,0,0,0,0,0,0,,0,,0,,0,0,0,0,0,0,0,0,0,0,0,0,0,0,0,0,0,0,0,0,0,0,0,0,0,0,0,0,0,0,0,0,0,0,0,0,0,0,0,0,0,,0,90,14,43,38,66,52,89,76,11,14,52,44,44,47,75,15,44,39,47,59,14,68,46,46,16,41,11,13,77,73,43,43,48,44,14,67,39,48,57,13,75,12,47,44,59,45,66,83,15,14,49,54,46,47,72,14,37,38,40,67,11,79,47,57,15,44,17,14,74,79,41,47,51,49,14,71,36,39,45,16
2.009000018457E12,"P",1,300,-9,23,1085467,84,77,1,,,,2,2,2,2,2,,,2,,,2,,,2,2,1,2,2,2,2,25500,,,,2,5,,,,,,,3,4,,,,,,,,,,3,5,3,3,3,0,0,0,0,1,,22,0,2,0,22100,0,,3,,,,,4,999,-9,999,-9,,2,,,6,6107,,1,1,,,,,,300,-9,23,-9,6,,1,,0,,,,4,0,47600,25,-9,461,,,,,2,1,2,1,1,-9,69,-9,0,0,0,0,1,0,1,0,2,1,,,,,,,1,1,0,1,0,0,1,1,1,1,1,0,0,1,0,1,0,1,0,0,0,1,1,0,1,,1,,1,1,1,0,0,1,0,0,0,0,0,1,0,0,0,0,0,1,0,1,0,1,0,1,1,1,0,0,0,1,0,1,1,1,0,1,1,1,0,1,0,,0,88,90,81,27,101,138,82,137,145,25,77,23,88,81,24,75,28,134,137,78,78,92,95,23,79,140,80,165,148,25,89,23,77,86,28,94,26,141,140,81,90,88,71,131,79,26,67,24,26,140,79,145,98,95,131,80,130,31,28,98,91,89,95,134,80,28,80,27,25,135,88,139,93,75,159,77,130,24,24,76
2.009000018596E12,"P",1,800,-9,23,1085467,10,40,1,,,1,2,2,2,2,2,,,2,1,2,2,,,2,2,2,1,2,2,2,0,20,1,1,1,3,2,2,1,2,1997,-9,1,4,,,,,,,,,,3,5,3,3,3,8400,0,0,0,1,,21,0,2,0,0,23000,23,1,1,1,,,1,20,-9,999,-9,,2,1,,1,2304,,1,1,8680,62,19,607,-9,,,,,4,"722Z",1,,0,4110,,,2,23000,31400,48,-9,181,800,-9,23,-9,2,1,3,1,1,-9,69,-9,0,0,0,0,1,0,1,0,2,2,,,"353031","","",,1,0,0,0,0,0,0,0,0,0,0,0,0,0,0,0,0,0,0,0,0,0,0,,0,0,0,,0,0,0,1,0,0,0,0,0,0,0,0,0,0,0,0,0,0,0,0,0,0,0,0,0,0,0,0,0,0,0,0,0,0,0,0,0,0,0,0,0,,0,12,3,9,10,3,11,18,3,3,18,8,11,15,9,20,9,13,9,4,18,10,3,11,10,2,12,17,3,3,15,9,13,17,8,16,12,11,9,3,18,10,4,9,9,3,9,16,2,3,13,11,10,21,9,15,9,9,10,2,19,11,3,11,10,3,11,17,3,2,19,18,9,15,11,16,9,9,9,3,14
2.009000018666E12,"P",1,500,-9,23,1085467,31,52,1,,,1,2,2,2,2,2,,,2,,,2,,,1,2,2,2,2,2,2,0,,,,2,1,2,2,1,2,1983,-9,1,4,,,,,,,,,,2,5,2,2,3,0,0,0,0,1,,21,0,2,0,0,0,,2,,2,,,2,50,-9,26,-9,,2,,,6,6109,,1,1,7970,,,,,,,,,1,"6211",1,,0,5700,,,4,0,0,25,-9,501,,,,,1,2,2,1,1,-9,69,-9,0,0,0,0,1,0,1,0,2,1,,,"436010","","",,1,0,0,0,0,0,0,0,0,0,0,0,0,0,0,0,0,0,0,0,0,0,0,,0,,0,,0,0,0,0,0,0,0,0,0,0,0,0,0,0,0,0,0,0,0,0,0,0,0,0,0,0,0,0,0,0,0,0,0,0,0,0,0,0,0,0,0,,0,29,37,55,50,35,39,30,48,12,57,39,11,10,9,29,56,8,29,32,65,11,10,32,30,47,50,8,34,30,34,9,34,29,26,50,36,25,8,47,34,29,35,52,59,32,29,34,55,9,53,37,8,9,11,29,44,9,36,32,57,9,7,30,35,50,51,10,28,35,29,12,32,27,33,57,35,37,10,51,34
2.009000018766E12,"P",1,800,-9,23,1085467,13,73,1,,,,2,2,2,2,2,,,2,,,2,,,2,2,1,2,2,2,2,0,,,,2,1,2,2,1,2,1955,-9,3,4,,,,,,,,,,2,5,2,2,2,0,0,0,0,1,,16,0,2,0,4600,0,,3,,2,,,1,89,-9,999,-9,,2,,,6,,,1,1,,,,,,3000,-9,12,-9,1,,1,,0,,,,4,0,4600,25,-9,119,,,,,2,1,4,1,1,-9,69,-9,0,0,0,0,1,0,1,0,,,,,,,,,1,0,0,0,0,0,0,0,0,0,0,0,0,0,0,0,0,0,0,0,0,0,0,0,0,,0,,0,0,0,0,0,0,0,0,0,0,0,0,0,0,0,0,0,0,0,0,0,0,0,0,0,0,0,0,0,0,0,0,0,0,0,0,0,0,0,0,0,,0,26,22,22,13,4,14,22,13,10,21,14,4,5,5,13,13,13,16,11,22,4,3,4,13,20,13,3,10,13,4,11,22,20,22,13,12,14,12,14,21,3,3,4,15,18,13,4,14,14,5,15,25,19,25,13,14,13,12,11,3,18,20,23,12,4,12,20,11,12,23,15,4,4,3,13,14,15,14,16,4
2.009000018899E12,"P",1,100,-9,23,1085467,27,36,1,,,4,2,2,2,2,2,,,2,,,2,,,1,2,2,2,2,2,2,115000,90,1,1,2,1,2,2,1,2,1997,-9,1,4,,,,,,,,,,3,5,3,3,3,0,0,0,0,1,,20,0,1,0,0,50000,60,1,1,1,,,1,50,-9,999,-9,,2,1,,1,,,1,1,9370,103,46,,,,,,,1,"9211MP",1,,0,10,,,,50000,165000,25,-9,465,600,-9,23,-9,1,2,4,1,1,-9,69,-9,0,0,0,0,1,0,1,0,,,,,"1110XX","","",,1,0,0,0,0,0,0,0,0,0,0,0,0,0,0,0,0,0,0,0,0,0,0,,0,,0,,0,0,0,0,0,0,0,0,0,0,0,0,0,0,0,0,0,0,0,0,0,0,0,0,0,0,0,0,0,0,0,0,0,0,0,0,0,0,0,0,0,,0,25,31,52,32,33,28,8,26,31,39,8,47,50,33,27,7,8,49,25,28,47,7,25,42,45,55,28,7,48,28,34,29,25,8,8,28,27,31,10,27,50,8,25,45,42,45,29,8,53,33,33,29,29,7,9,31,25,29,8,8,28,28,58,33,30,27,9,26,27,40,7,40,49,31,27,9,8,45,27,9
2.00900001907E12,"P",1,700,-9,23,1085467,14,37,1,,,1,2,2,2,2,2,,,2,,,2,,,2,1,2,2,2,2,2,0,7,1,1,2,1,2,2,1,2,2000,-9,1,4,,,,,,,,,,3,5,3,3,3,0,0,0,0,1,,16,0,1,0,0,45000,55,1,1,1,,,1,935,-9,999,-9,,2,1,,1,,,1,1,770,81,41,,,,,,,1,"23",1,,0,6230,,,,45000,45000,23,-9,262,700,-9,23,-9,1,2,4,1,1,-9,69,-9,0,0,0,0,1,0,1,0,,,,,"472031","","",,1,0,0,0,0,0,0,0,0,0,0,0,0,0,0,0,0,0,0,0,0,0,0,,0,,0,,0,0,0,0,0,0,0,0,0,0,0,0,0,0,0,0,0,0,0,0,0,0,0,0,0,0,0,0,0,0,0,0,0,0,0,0,0,0,0,0,0,,0,5,4,13,16,15,14,4,16,5,15,4,4,4,3,16,12,3,4,13,29,15,15,22,25,26,21,16,33,13,20,15,12,17,17,26,23,16,16,20,15,25,21,14,14,12,10,25,14,22,12,29,22,29,28,13,13,25,22,15,4,21,14,4,5,5,5,14,4,13,4,13,13,15,16,6,5,14,12,4,16
2.009000019089E12,"P",1,100,-9,23,1085467,17,40,1,,,1,2,2,2,2,2,,,2,,,2,,,2,2,2,2,2,2,2,0,30,1,1,2,5,,,,,,,1,4,,,,,,,,,,3,5,3,3,3,0,0,0,0,1,,16,0,1,0,0,38000,40,1,1,1,,,2,22,-9,32,-9,,2,1,,1,,,2,1,3390,94,49,,,,,,,6,"334M2",1,,0,4850,,,,38000,38000,23,-9,341,100,-9,23,-9,2,2,3,1,1,-9,69,-9,0,0,0,0,1,0,1,0,,,,,"414010","","",,1,0,0,0,0,0,0,0,0,0,0,0,0,0,0,0,0,0,0,0,0,1,1,,1,,1,,1,1,1,0,0,0,0,0,0,0,0,0,0,0,0,0,0,0,0,0,0,0,0,0,0,0,0,0,0,0,0,0,0,0,0,0,0,1,0,0,0,,0,5,16,18,16,6,27,5,17,29,32,30,19,6,28,15,16,19,18,5,5,19,6,6,32,17,18,20,25,19,18,17,4,12,18,31,5,26,33,17,17,33,17,17,17,23,4,28,15,6,6,4,16,29,6,18,16,15,19,29,29,17,29,33,6,15,18,16,4,18,16,17,29,17,19,6,33,5,6,18,16
2.009000019115E12,"P",1,1000,-9,23,1085467,7,47,1,,,1,2,2,2,2,2,,,2,,,2,,,1,2,2,2,2,2,2,0,30,3,1,2,1,2,2,1,2,1979,-9,1,4,,,,,,,,,,3,5,3,3,3,0,0,0,0,1,,16,0,1,0,0,50000,50,1,1,1,,,4,999,-9,999,-9,,2,3,,1,,,1,1,3770,66,21,,,,,,,1,"3211",1,,0,8960,,,,50000,50000,23,-9,433,900,-9,23,-9,1,2,1,1,1,-9,69,-9,0,0,0,0,1,0,1,0,,,,,"5191XX","","",,1,0,0,0,0,0,0,0,0,0,0,0,0,0,0,0,0,0,0,0,0,0,0,,0,,0,,0,0,0,0,0,0,0,0,0,0,0,0,0,0,0,0,0,0,0,0,0,0,0,0,0,0,0,0,0,0,0,0,0,0,0,0,0,0,0,0,0,,0,2,1,12,11,7,14,7,8,3,9,2,8,3,7,7,12,8,8,15,11,7,7,8,7,12,9,2,13,9,14,6,3,7,2,13,10,2,2,6,7,2,2,12,13,7,14,7,7,2,7,2,7,2,7,8,12,7,9,12,13,9,8,7,7,14,8,2,13,9,12,8,2,8,2,15,6,2,3,8,8
2.009000019264E12,"P",1,800,-9,23,1085467,6,63,1,,,,2,2,2,2,2,,,2,,,1,,2,2,2,1,1,2,2,2,0,,,,2,2,2,2,2,1,1966,-9,1,4,,,,,,,,,,2,5,2,2,3,0,0,0,0,1,,17,0,2,0,9700,0,,3,,2,,,3,996,-9,999,-9,,2,,,6,,,1,1,,,,,,,,,,3,,1,,0,,,,4,0,9700,23,-9,144,,,,,2,1,4,1,1,-9,69,-9,0,0,0,0,1,0,1,0,,,,,,,,,1,0,0,0,0,0,0,0,0,0,0,0,0,0,0,0,0,0,1,0,0,0,0,0,0,0,0,,0,0,0,0,0,0,0,0,0,0,0,0,0,0,0,0,0,0,0,0,0,0,0,0,0,0,0,0,0,0,0,0,0,0,0,0,0,0,0,0,0,,0,2,5,5,5,8,2,6,6,9,5,9,10,1,2,5,6,7,6,9,2,2,5,7,6,9,2,5,5,9,5,9,10,2,1,5,6,6,6,10,9,9,6,6,5,2,9,6,6,1,6,1,1,9,10,5,6,6,6,2,9,10,5,6,5,2,9,6,5,1,6,1,2,9,9,6,5,7,6,2,1
2.009000019529E12,"P",1,800,-9,23,1085467,10,35,1,,,2,2,2,2,2,2,,,2,,,2,,,1,2,2,2,2,2,2,0,15,1,1,2,1,2,2,1,2,1996,-9,1,4,,,,,,,,,,3,5,3,3,3,0,0,0,0,1,,20,0,1,0,0,51000,40,1,1,1,,,1,935,-9,999,-9,,2,1,,1,,,1,1,8190,79,37,,,,,,,1,"622",1,,0,3130,,,,51000,51000,48,-9,354,800,-9,23,-9,1,2,4,1,1,-9,69,-9,0,0,0,0,1,0,1,0,,,,,"291111","","",,1,0,0,0,0,0,0,0,0,0,0,0,0,0,0,0,0,0,0,0,0,0,0,,0,,0,,0,0,0,0,0,0,0,0,0,0,0,0,0,0,0,0,0,0,0,0,0,0,0,0,0,1,0,0,0,0,0,0,0,0,0,0,0,0,0,0,0,,0,12,3,16,11,11,16,11,10,15,10,8,9,18,3,4,2,3,19,8,9,11,2,18,10,12,16,12,10,15,11,11,10,19,3,3,3,3,15,9,9,7,20,3,9,9,4,11,8,3,11,10,9,3,21,14,19,19,3,10,12,10,16,3,11,8,4,11,9,3,10,10,12,3,20,17,16,14,3,11,9
2.009000019765E12,"P",1,1000,-9,23,1085467,8,58,1,,,3,2,2,2,2,2,,,2,,,2,,,1,2,2,2,2,2,2,0,10,1,1,2,1,2,2,1,2,1970,-9,1,4,,,,,,,,,,3,5,3,3,3,0,0,0,0,1,,16,0,2,0,0,30000,40,1,1,1,,,1,26,-9,999,-9,,2,1,,1,,,1,1,9370,90,49,,,,,,,1,"9211MP",1,,0,5220,,,4,30000,30000,23,-9,316,1000,-9,23,-9,1,2,2,1,1,-9,69,-9,0,0,0,0,1,0,1,0,,,,,"434031","","",,1,0,0,0,0,0,0,0,0,0,0,0,0,0,0,0,0,0,0,0,0,0,0,,0,,0,,0,0,0,0,0,0,0,0,0,0,0,0,0,0,0,0,0,0,0,0,0,0,1,0,0,0,0,0,0,0,0,0,0,0,0,0,0,0,0,0,0,,0,8,7,12,2,12,6,2,1,3,7,13,2,7,7,8,7,12,12,7,7,8,7,2,13,2,7,11,12,11,7,3,12,8,8,8,8,2,2,7,7,6,7,12,2,10,7,2,2,2,9,14,3,7,8,7,6,11,11,7,7,7,7,2,13,2,7,12,13,13,7,2,12,8,7,7,8,1,2,7,9
2.009000019886E12,"P",1,100,-9,23,1085467,18,94,1,,,,1,1,1,1,1,,,1,,,2,,,2,2,1,1,2,2,2,0,,,,2,2,2,2,1,2,1934,-9,1,4,,,,,,,,,,3,5,3,3,3,0,0,16,0,1,,12,0,2,0,14400,0,,3,,,,,2,22,-9,50,-9,,1,,,6,,,1,1,,,,,,,,,,3,,1,,0,,,,,0,14400,25,-9,,,,,,2,1,4,1,1,-9,69,-9,0,0,0,0,1,0,1,0,,,,,,,,,1,0,0,0,0,0,0,0,0,0,0,0,0,0,0,0,0,0,0,0,0,0,0,0,0,0,0,,0,0,0,0,0,0,0,0,0,0,0,0,0,0,0,0,0,0,0,0,0,0,0,0,0,0,0,0,0,0,0,0,0,0,0,0,0,0,0,0,0,,0,21,5,5,5,16,30,19,5,19,19,6,18,30,31,30,18,20,19,19,6,20,26,27,29,18,5,17,30,20,18,31,19,6,5,5,16,17,18,17,32,21,5,6,5,17,28,19,5,19,19,6,18,29,29,31,18,21,18,20,5,20,25,27,29,18,6,16,28,19,18,33,19,5,5,5,17,17,18,18,32
2.009000019926E12,"P",1,800,-9,23,1085467,12,32,1,,,1,2,2,2,2,2,,,2,,,2,,,1,2,2,2,2,2,2,0,35,1,1,2,1,2,2,1,2,2006,-9,1,4,,,,,,,,,,3,5,3,3,3,0,0,0,0,1,,21,0,1,0,0,42600,40,1,1,1,,,1,26,-9,999,-9,,2,1,,1,2414,,1,1,3895,82,36,,,,,,,1,"337",1,,0,1430,,,,42600,42600,23,-9,215,700,-9,23,-9,1,2,3,1,1,-9,69,-9,0,0,0,0,1,0,1,0,1,2,,,"172110","","",,1,0,0,0,0,0,0,0,0,0,0,0,0,0,0,0,0,0,0,0,0,0,0,,0,,0,,0,0,0,0,0,0,0,0,0,0,0,0,0,0,0,0,0,0,0,0,0,0,0,0,0,0,0,0,0,0,0,0,0,0,0,0,0,0,0,0,0,,0,11,4,16,3,17,13,4,4,13,16,12,16,14,19,12,3,23,16,20,16,13,3,15,4,20,14,3,4,11,16,11,12,14,17,13,3,21,13,26,4,12,23,13,22,4,11,17,25,9,12,13,13,15,4,11,19,4,13,2,4,12,20,11,22,3,11,20,22,13,14,13,17,17,4,13,17,3,16,4,16
2.00900002001E12,"P",1,900,-9,23,1085467,11,40,1,,,5,2,2,2,2,2,1,1,2,,2,2,,,1,2,2,2,2,2,2,0,45,1,1,2,1,2,2,1,2,1991,-9,1,2,0,1,1,0,0,0,0,0,0,2,5,2,2,3,0,0,0,0,1,,19,0,2,0,0,6000,44,1,1,1,,,2,920,-9,21,-9,,2,1,,1,,,1,1,6370,283,149,,,,,,,1,"491",1,,0,430,,,2,6000,6000,26,-9,395,900,-9,23,-9,1,2,4,1,1,-9,69,-9,0,0,0,0,1,0,1,0,,,,,"1191XX","","",4,1,0,0,0,0,0,0,0,0,0,0,0,0,0,0,1,0,0,0,0,0,0,0,,0,,0,,0,0,0,0,0,0,1,1,1,1,0,0,0,0,0,0,0,0,0,0,0,0,0,0,0,0,1,0,0,0,0,0,0,0,0,0,0,0,1,0,1,,0,20,9,3,14,11,12,3,12,4,17,12,23,11,12,11,18,21,4,10,11,11,3,11,3,3,18,12,18,12,11,18,11,17,3,4,13,13,12,21,3,21,12,3,10,11,9,4,13,2,21,12,17,11,12,12,21,20,3,10,13,11,4,11,4,4,19,12,20,11,10,18,11,20,4,4,11,8,12,19,4
2.009000020615E12,"P",1,800,-9,23,1085467,26,67,1,,,,2,1,1,2,1,,2,1,,,2,,,2,2,1,2,2,1,2,0,,,,2,3,1,2,2,2,1996,-9,1,2,0,0,0,0,1,0,0,0,0,2,5,2,2,3,0,0,0,0,1,,19,0,1,0,12000,0,,3,,2,,,1,50,-9,999,-9,,1,,,6,,,1,1,,,,,,,,,,4,,1,,0,,,,,0,12000,23,-9,116,,,,,2,1,2,1,1,-9,69,-9,0,0,0,0,1,0,1,0,,,,,,,,13,1,0,0,0,0,0,0,0,0,0,0,0,0,0,0,0,0,0,0,0,0,0,0,0,0,,0,,0,0,0,0,0,0,0,0,0,0,0,0,0,0,0,0,0,0,0,0,0,0,0,0,0,0,0,0,0,0,0,0,0,0,0,0,0,0,0,0,0,,0,23,27,47,26,39,43,8,8,21,24,24,24,40,8,31,28,27,53,8,9,21,23,41,29,35,39,10,9,27,25,25,27,36,7,24,28,27,44,8,36,28,29,9,23,8,7,39,44,27,25,27,25,8,43,22,25,27,8,48,51,24,26,9,27,8,9,44,43,22,25,29,28,7,39,25,26,26,6,44,7
2.009000020855E12,"P",1,800,-9,23,1085467,11,44,1,,,3,2,2,2,2,2,,,2,,2,2,,,1,2,2,2,2,2,2,0,20,2,1,2,1,2,2,1,2,2001,-9,1,4,,,,,,,,,,3,5,3,3,3,0,0,0,0,2,16,22,0,2,0,0,52000,55,1,1,1,,,2,22,-9,50,-9,,2,2,,1,2305,,1,1,7860,76,33,,,,,,,1,"6111",1,,0,2320,,,4,52000,52000,25,-9,501,100,-9,23,-9,1,2,3,1,1,-9,69,-9,0,0,0,0,1,0,1,0,2,1,,,"252030","","",,1,0,0,0,0,0,0,0,0,0,0,0,0,0,0,0,0,0,0,0,0,0,0,,0,,0,,0,0,0,0,0,1,0,0,0,0,0,0,0,0,0,0,0,0,0,0,0,0,0,0,0,0,0,0,0,0,0,0,0,0,0,0,0,1,0,0,0,,0,14,10,3,18,11,13,11,3,15,13,9,3,10,3,4,17,25,10,10,19,10,12,4,19,12,10,13,4,19,12,12,3,11,4,3,21,17,8,11,3,8,12,17,3,13,10,11,17,4,13,11,17,11,21,15,4,4,8,11,4,10,10,18,3,11,13,10,20,2,12,15,21,11,24,19,3,3,11,11,16
2.009000020876E12,"P",1,300,-9,23,1085467,40,60,1,,,1,2,2,2,2,2,,,2,,,2,,,1,2,2,2,2,2,2,0,20,1,1,2,2,2,2,2,2,2003,-9,1,4,,,,,,,,,,3,5,3,3,3,0,0,0,13100,1,,16,0,2,0,9500,26000,13,1,2,1,,,2,22,-9,917,-9,,2,1,,1,,,1,1,8470,80,37,,,,,,,3,"6244",1,,0,4600,,,4,26000,48600,23,-9,434,300,-9,23,-9,1,2,3,1,1,-9,69,-9,0,0,0,0,1,0,1,0,,,,,"399011","","",,1,0,0,0,0,0,0,0,0,0,0,0,0,0,0,0,0,0,0,0,0,0,0,,0,,0,,0,0,0,0,0,0,0,0,0,0,0,0,0,0,0,0,0,0,0,0,0,0,0,0,0,0,0,0,0,0,0,0,0,0,0,0,0,0,0,0,0,,0,63,41,63,79,13,13,34,41,33,42,58,11,34,41,37,66,13,34,39,70,11,48,13,12,66,69,38,49,43,40,15,62,42,36,37,14,64,36,38,58,14,40,11,12,64,64,35,41,41,39,12,83,39,44,39,12,73,38,42,12,59,40,56,70,12,12,37,48,40,37,69,11,42,37,35,70,11,35,38,9
2.009000021641E12,"P",1,1000,-9,23,1085467,27,88,3,,,,2,1,2,2,1,,2,2,,,2,,,1,2,1,1,2,2,2,0,,,,2,2,2,2,1,2,1952,-9,1,2,0,0,0,0,0,1,0,0,0,2,5,2,2,3,0,0,0,2200,1,,15,0,1,8500,0,0,,3,,2,1930,-9,1,88,-9,999,-9,1,1,,,6,,,1,1,,,,,,,,,,3,,1,,0,,,,,0,10700,301,-9,103,,,,,1,1,3,1,1,-9,69,-9,0,0,0,0,1,0,1,0,,,,,,,,9,7,0,0,0,0,0,0,0,0,0,0,0,0,0,0,0,0,0,0,0,0,0,1,0,1,0,0,,1,1,1,0,0,0,0,0,0,0,0,0,0,0,0,0,1,0,0,0,0,0,0,0,0,0,0,0,0,0,0,0,1,0,0,0,0,0,0,0,0,,0,8,37,27,45,41,22,44,8,31,21,29,9,33,43,27,8,9,30,25,23,43,10,30,7,9,25,9,55,21,25,28,52,23,7,26,41,38,28,31,24,9,38,27,48,49,28,47,9,25,27,24,7,25,39,28,10,9,24,26,25,54,9,28,8,7,26,8,52,22,29,28,43,24,6,30,47,46,33,25,26
2.009000021675E12,"P",1,100,-9,23,1085467,13,69,1,,,,2,2,2,2,1,,2,2,3,,2,,,1,1,1,2,2,1,2,1000,,,,1,1,2,2,1,2,1962,-9,1,2,0,0,0,0,1,0,0,0,0,2,5,2,2,3,0,0,0,21000,1,,17,0,1,0,3200,0,,3,,2,,,1,935,-9,999,-9,,1,,,6,,,1,1,,,,620,-9,,,,,1,,1,,0,,,,,0,25200,23,-9,304,,,,,1,1,1,1,1,-9,69,-9,0,0,0,0,1,0,1,0,,,,,,,,13,1,0,0,0,0,0,0,0,0,0,0,0,0,0,0,0,0,0,0,0,0,0,0,0,0,,1,,1,1,1,0,0,0,0,0,0,0,0,0,0,0,0,0,0,0,0,0,0,0,0,0,0,0,0,0,0,0,0,0,0,0,0,0,0,0,0,0,0,,0,25,27,14,13,11,14,12,5,4,4,15,26,11,5,12,14,4,13,23,4,4,4,12,12,12,13,12,21,27,22,13,3,16,22,12,14,24,12,4,20,21,22,15,13,13,13,12,4,4,4,15,22,12,4,13,15,4,12,21,4,4,4,13,13,13,16,13,23,23,23,11,4,14,21,13,12,24,13,4,20
2.009000021816E12,"P",1,900,-9,23,1085467,20,26,1,,,2,2,2,2,2,2,,,2,,2,,,,1,2,2,2,2,2,2,0,30,2,1,2,1,2,2,1,2,2005,-9,1,4,,,,,,,,,,3,5,3,3,3,0,0,0,0,1,,21,0,2,0,0,21300,40,1,1,1,,,2,51,-9,22,-9,,2,2,,1,6402,2304,1,1,8470,76,31,,,,,,,1,"6244",1,,0,2300,,,4,21300,21300,32,-9,385,900,-9,23,-9,1,2,3,1,1,-9,69,-9,0,0,0,0,1,0,1,0,2,2,,,"252010","","",,1,0,0,0,0,0,0,0,0,0,0,0,0,0,0,0,0,0,0,0,0,0,0,,0,,0,,0,0,0,0,0,0,0,0,0,0,0,0,0,0,0,0,0,0,0,0,0,0,0,0,0,0,0,0,0,0,0,0,0,0,0,0,0,0,0,0,0,,0,20,30,22,6,23,18,6,18,34,35,35,17,20,23,22,19,6,6,7,37,21,37,23,5,23,22,6,21,29,32,36,24,22,17,25,19,7,6,6,7,20,7,23,35,21,21,37,19,6,8,5,25,18,17,23,21,34,34,40,6,23,5,19,32,18,25,29,20,6,6,5,18,23,18,27,21,36,34,32,38
2.00900002184E12,"P",1,500,-9,23,1085467,6,65,1,,,1,2,2,2,2,2,,,2,,,2,,,1,1,1,2,2,2,2,115000,,,,2,3,2,2,2,2,1973,-9,1,4,,,,,,,,,,2,5,2,2,3,0,0,0,4300,1,,21,0,2,0,9900,5000,20,1,6,2,,,1,26,-9,999,-9,,2,,,6,6203,,1,1,6870,,,,,,,,,4,"52M1",1,,0,120,,,4,5000,134200,23,-9,501,,,,,1,1,3,1,1,-9,69,-9,0,0,0,0,1,0,1,0,2,2,,,"113031","","",,1,0,0,0,0,0,0,0,0,0,0,0,0,0,0,0,0,0,0,0,0,1,0,0,0,,1,,1,1,1,0,0,0,0,0,0,0,0,0,0,0,0,0,0,0,0,0,0,0,0,0,0,0,0,0,0,0,0,0,0,0,0,0,0,0,0,0,0,,0,2,9,4,12,5,2,7,1,11,5,2,2,7,7,6,6,8,11,8,2,12,2,6,2,7,10,5,12,2,6,12,11,8,7,5,5,6,2,8,12,2,11,7,8,7,2,5,1,10,5,2,2,6,6,8,6,6,12,6,2,10,2,6,2,6,14,8,9,2,5,10,13,5,6,6,7,8,2,10,11
2.009000022195E12,"P",1,300,-9,23,1085467,23,65,1,,,3,2,2,2,2,2,,,2,1,,2,,,1,2,2,2,2,2,2,21600,120,1,1,1,1,2,2,2,2,1983,-9,1,4,,,,,,,,,,3,5,3,3,3,0,0,0,0,1,,22,0,1,0,0,40000,70,1,1,1,,,2,22,-9,94,-9,,2,1,,1,2602,,1,1,9470,82,19,620,-9,,,,,2,"92MP",1,,0,2100,,,,40000,61600,25,-9,281,3400,-9,25,-9,1,2,4,8,66,-9,1,-9,0,0,0,0,1,1,0,0,2,2,,,"2310XX","","",,1,0,0,0,0,1,0,0,0,0,0,0,0,0,0,0,0,0,0,0,0,0,0,,0,,0,,0,0,0,0,1,1,0,0,0,0,0,0,0,0,0,0,0,0,0,0,0,0,0,0,0,0,0,0,0,0,0,0,0,0,0,0,0,1,0,0,0,,0,25,7,7,41,23,40,23,22,35,24,41,7,6,26,20,23,45,26,8,23,24,36,41,7,23,6,19,19,6,23,9,44,34,21,25,23,6,20,35,23,22,6,7,35,23,34,28,24,43,22,45,7,6,25,26,22,40,20,7,20,25,40,31,7,24,6,24,24,7,23,6,41,33,22,20,23,8,20,39,22
2.009000022238E12,"P",1,1000,-9,23,1085467,5,53,3,,,2,2,2,2,2,2,,,2,,,2,,,1,2,2,2,2,2,2,0,20,1,1,2,1,2,2,2,2,1993,-9,1,4,,,,,,,,,,3,5,3,3,3,0,0,0,0,1,,18,0,1,0,0,19200,40,1,1,1,1955,-9,1,22,-9,999,-9,2,2,1,,1,,,1,1,8290,269,144,,,,,,,1,"623M",1,,0,4640,,,,19200,19200,301,-9,263,1000,-9,23,-9,1,2,4,1,1,-9,69,-9,0,0,0,0,1,0,1,0,,,,,"399041","","",,7,0,0,0,0,0,0,0,0,0,0,0,0,0,0,0,0,0,0,0,0,0,0,,0,,0,,0,0,0,0,0,0,0,0,0,0,0,0,0,0,0,0,0,0,0,0,0,0,0,0,0,0,0,0,0,0,0,0,0,0,0,0,0,0,0,0,0,,0,9,7,4,8,4,2,2,1,4,5,5,4,5,8,7,9,5,2,5,8,2,6,6,1,3,9,9,8,5,5,5,4,4,1,2,1,4,9,4,2,10,6,4,8,5,1,1,2,5,5,4,5,5,6,9,8,6,1,5,10,2,4,6,1,3,10,7,7,7,6,4,4,5,2,1,2,4,6,4,2
2.00900002249E12,"P",1,700,-9,23,1085467,22,85,1,,,,2,2,2,2,2,,,2,,,2,,,2,2,1,1,2,2,2,0,,,,2,2,2,2,2,2,1972,-9,1,4,,,,,,,,,,2,5,2,2,2,0,0,0,0,3,15,19,0,2,0,8000,0,,3,,2,,,4,999,-9,999,-9,,2,,,6,,,1,1,,,,,,,,,,3,,1,,0,,,,4,0,8000,23,-9,77,,,,,2,1,2,1,1,-9,69,-9,0,0,0,0,1,0,1,0,,,,,,,,,1,0,0,0,0,0,0,0,0,0,0,0,0,0,0,0,0,0,0,0,0,1,1,0,0,0,0,,1,1,1,0,0,0,0,0,0,0,0,1,0,0,0,1,0,0,1,0,0,0,0,0,0,0,0,0,0,0,0,0,1,1,0,0,0,1,0,1,0,,0,25,6,23,27,40,5,31,39,23,31,6,7,40,20,17,21,43,23,24,5,20,6,21,24,37,5,33,41,23,24,7,6,38,18,21,23,42,26,21,9,18,6,25,22,38,6,37,28,28,21,6,7,40,15,17,24,43,22,24,7,23,8,25,18,40,6,39,39,27,20,6,8,32,16,22,22,38,23,22,6
2.009000022794E12,"P",1,300,-9,23,1085467,28,39,3,,,1,2,2,2,2,2,,,2,,,2,,,1,2,2,2,2,2,2,0,25,1,1,2,3,2,2,1,2,2001,-9,1,4,,,,,,,,,,3,5,3,3,3,0,0,0,0,1,,19,0,1,0,0,69000,40,1,1,1,1973,-9,1,50,-9,999,-9,4,2,1,,1,,,1,1,770,75,31,,,,,,,4,"23",1,,0,220,,,,69000,69000,301,-9,465,200,-9,23,-9,1,2,1,1,1,-9,69,-9,0,0,0,0,1,0,1,0,,,,,"119021","","",,7,0,0,0,0,0,0,0,0,0,0,0,0,0,0,0,0,0,0,0,0,0,0,,0,,0,,0,0,0,0,0,0,0,0,0,0,0,0,0,0,0,0,0,0,0,0,0,0,0,0,0,0,0,0,0,0,0,0,0,0,0,0,0,0,0,0,0,,0,33,47,29,47,27,27,28,8,24,8,36,25,8,26,49,8,9,48,27,52,25,53,33,49,28,27,28,8,28,8,32,27,8,29,51,8,8,47,31,9,31,8,27,9,29,28,28,50,30,47,31,31,46,29,8,44,43,8,31,8,28,8,26,7,28,29,26,54,28,46,31,25,50,29,8,45,51,8,26,49
2.009000022981E12,"P",1,1000,-9,23,1085467,18,27,1,,,1,2,2,2,2,2,,,2,,2,,,,2,2,2,1,2,2,2,0,15,1,1,2,1,2,2,1,2,2004,-9,1,4,,,,,,,,,,3,5,3,3,3,0,0,0,0,1,,20,0,2,0,0,10000,48,1,1,1,,,2,22,-9,32,-9,,2,1,,1,,,1,1,4680,93,51,,,,,,,1,"4412",1,,0,4720,,,1,10000,10000,23,-9,101,1000,-9,23,-9,2,1,2,1,1,-9,69,-9,0,0,0,0,1,0,1,0,,,,,"412010","","",,1,0,0,0,0,0,0,0,0,0,0,0,0,0,0,0,0,0,0,0,0,0,0,,0,0,0,,0,0,0,0,0,0,0,0,0,0,0,0,0,0,0,0,0,0,0,0,0,0,0,0,0,0,0,0,0,0,0,0,0,0,0,0,0,0,0,0,0,,0,7,25,17,22,14,6,35,21,16,8,16,6,5,22,28,17,22,16,15,57,5,27,13,17,15,5,46,21,15,8,17,7,7,25,28,19,16,18,16,5,34,6,14,19,16,21,6,20,29,32,16,24,29,8,4,17,15,15,26,6,33,4,16,19,16,24,5,19,24,30,16,32,32,9,6,22,14,17,23,33
2.009000023255E12,"P",1,100,-9,23,1085467,27,35,1,,,1,2,2,2,2,2,,,2,,2,2,,,1,2,2,1,2,2,2,0,15,1,1,2,1,2,2,1,2,1995,-9,1,4,,,,,,,,,,3,5,3,3,3,0,150,0,0,1,,16,0,2,0,0,21000,38,1,1,1,,,1,22,-9,999,-9,,2,1,,1,,,1,1,8270,83,41,,,,,,,1,"6231",1,,0,3600,,,2,21000,21150,51,-9,244,100,-9,23,-9,1,1,1,1,1,-9,69,-9,0,0,0,0,1,0,1,0,,,,,"311010","","",,1,0,0,0,0,0,0,0,0,0,0,0,0,0,0,0,1,0,0,0,0,0,0,,0,0,0,,0,0,0,0,0,0,0,0,0,0,0,0,0,0,0,0,0,0,0,0,0,0,0,0,0,0,0,0,0,0,0,0,0,0,0,0,0,0,0,0,0,,0,26,25,8,48,29,44,43,26,46,7,30,30,30,9,30,45,28,8,8,31,29,28,43,8,26,7,8,29,8,48,27,26,26,50,23,8,28,40,46,24,29,27,8,49,26,45,45,27,50,9,26,24,29,7,25,49,29,9,8,28,24,25,51,9,27,8,8,25,8,48,25,28,25,46,28,9,26,46,55,25
2.009000023543E12,"P",1,400,-9,23,1085467,38,86,1,,,6,2,2,2,2,2,,,2,,,2,,,1,1,1,2,2,2,2,0,,,,2,1,2,2,1,2,1946,-9,1,4,,,,,,,,,,3,5,3,3,3,0,0,0,87000,1,,21,1000,1,0,0,0,5,1,6,2,,,2,22,-9,32,-9,,2,,,6,1100,,1,1,7270,,,,,,,,,1,"5411",1,,0,2140,,,,1000,88000,25,-9,501,,,,,1,1,1,1,1,-9,69,-9,0,0,0,0,1,0,1,0,2,2,,,"232011","","",,1,0,0,0,0,1,0,0,0,0,0,0,0,0,0,1,0,0,0,0,0,0,0,0,0,,0,,0,0,0,0,1,0,0,0,0,0,0,0,0,0,0,0,0,0,0,0,0,0,1,0,0,0,0,0,0,0,0,0,0,0,0,0,0,1,1,0,1,,0,36,37,36,36,65,58,60,43,13,38,58,43,44,56,40,14,11,12,35,10,42,37,40,36,62,63,68,40,12,37,61,37,33,77,39,11,13,12,37,11,40,43,38,32,71,63,63,39,10,42,63,40,37,55,43,11,11,12,35,11,35,43,41,36,64,60,57,35,12,36,66,38,33,70,42,12,11,12,39,9
2.009000023985E12,"P",1,900,-9,23,1085467,9,55,1,,,1,2,2,2,2,2,,,2,,,2,,,2,1,2,1,2,2,2,2000,,,,2,1,2,2,1,2,1978,-9,1,4,,,,,,,,,,2,5,2,2,3,0,0,0,0,1,,16,0,1,0,30000,0,,2,,2,,,2,89,-9,920,-9,,2,,,6,,,1,1,6080,,,,,,,,,1,"482",1,,0,6740,,,,0,32000,23,-9,308,,,,,1,1,3,1,1,-9,69,-9,0,0,0,0,1,0,1,0,,,,,"474061","","",,1,0,0,0,0,0,0,0,0,0,0,0,0,0,0,0,0,0,0,0,0,0,0,,0,1,0,,0,0,0,0,0,0,0,0,0,0,0,0,0,0,0,0,0,0,0,0,0,0,0,0,0,0,0,0,0,0,0,0,0,0,0,0,0,0,0,0,0,,0,7,8,8,3,9,2,8,8,3,7,17,3,3,16,8,9,15,9,15,15,10,9,8,3,8,3,8,8,2,10,16,2,2,13,10,10,16,9,15,2,10,9,9,13,10,17,9,7,17,9,3,12,14,2,9,9,3,9,2,3,7,10,10,14,8,13,9,8,16,9,2,15,14,4,8,9,3,9,3,14
2.009000024011E12,"P",1,800,-9,23,1085467,25,61,1,,,3,2,2,2,2,2,,,2,,,2,,,1,2,2,2,2,2,2,0,20,1,1,2,1,2,2,2,2,1976,-9,1,4,,,,,,,,,,3,5,3,3,3,0,0,0,0,1,,18,0,2,0,0,16000,35,1,3,1,,,2,22,-9,50,-9,,2,1,,1,,,1,1,7860,83,40,,,,,,,1,"6111",1,,0,4020,,,4,16000,16000,23,-9,232,800,-9,23,-9,1,2,2,1,1,-9,69,-9,0,0,0,0,1,0,1,0,,,,,"352010","","",,1,0,0,0,0,0,0,0,0,0,0,0,0,0,0,0,0,0,0,0,0,0,0,,0,,0,,0,0,0,0,0,0,0,0,0,0,0,0,0,0,0,0,0,0,0,0,0,0,0,0,0,0,0,0,0,0,0,0,0,0,0,0,0,0,0,0,0,,0,45,46,7,40,23,20,7,7,8,21,24,38,8,23,35,26,28,28,28,46,27,26,30,23,7,43,21,24,25,8,45,30,27,8,30,8,8,39,45,26,43,42,7,44,23,24,7,8,8,24,29,43,6,26,43,30,25,24,25,41,23,25,23,23,8,43,27,29,24,7,49,26,25,8,24,8,9,46,42,24
2.00900002451E12,"P",1,100,-9,23,1085467,17,66,1,,,,1,1,1,1,1,,,2,1,,2,,,2,2,1,1,2,2,2,0,,,,1,3,2,2,1,2,1963,-9,3,4,,,,,,,,,,3,5,3,3,3,0,0,16,0,1,,19,0,2,0,7800,0,,3,,,,,2,26,-9,920,-9,,1,,,6,,,1,1,,,,620,-9,100,-9,23,-9,4,,1,,0,,,,,0,7800,23,-9,,,,,,2,1,3,9,67,-9,65,-9,1,0,0,0,2,0,1,0,,,,,,,,,1,0,0,0,0,0,0,0,0,0,0,0,0,0,0,0,0,0,0,0,0,0,0,0,0,0,0,,0,0,0,0,0,0,0,0,0,0,0,0,0,0,0,0,0,0,0,0,0,0,0,0,0,0,0,0,0,0,0,0,0,0,0,0,0,0,0,0,0,,0,20,5,4,5,17,30,19,5,18,19,7,18,30,32,30,18,19,19,19,6,19,27,27,29,18,5,16,30,19,18,32,18,5,5,5,16,18,18,17,31,21,5,5,5,17,28,19,6,18,19,6,18,29,29,30,18,20,17,19,5,20,26,27,29,18,5,15,28,19,18,33,19,5,5,5,16,18,17,18,32
2.009000025142E12,"P",1,800,-9,23,1085467,8,64,1,,,,2,1,2,2,2,2,1,2,,,2,,,2,2,2,1,1,1,2,0,,,,2,1,2,2,2,2,1988,-9,1,2,0,0,0,1,0,0,0,0,0,2,5,2,2,2,1400,0,0,0,1,,21,0,1,6900,0,0,,3,,2,,,1,935,-9,999,-9,,1,,,6,2304,,1,1,,,,,,,,,,1,,1,,0,,,,,0,8300,23,-9,64,,,,,1,1,3,1,1,-9,69,-9,0,0,0,0,1,0,1,0,2,2,,,,,,6,1,0,0,0,0,0,0,0,0,0,0,0,0,0,0,0,0,0,0,0,0,1,1,,1,0,0,0,1,0,1,0,0,0,0,0,0,0,0,0,0,0,0,0,1,0,0,0,0,0,0,0,0,0,0,0,0,0,0,0,0,0,0,0,0,0,0,0,0,,0,2,9,7,7,14,12,9,15,2,13,2,6,3,2,8,7,10,8,8,7,9,15,3,3,9,9,12,8,8,8,10,17,8,9,2,2,13,13,2,2,14,8,9,7,3,3,7,2,15,2,15,8,13,13,7,8,7,8,8,7,9,3,13,15,8,8,3,10,9,8,8,3,9,8,14,15,3,3,15,13
